Date,Week,Location,Total Vaccines Given,Total J&J Vaccines,Total Moderna Vaccines,Total Pfizer Vaccines,second_booster_janssen,second_booster_moderna,second_booster_pfizer,Total Booster Given 18+,Total Booster Given 18+ %,Total Booster Given 65+,Total Booster Given 65+ %
05-10-2023,19,NE,5481710,152400,1647380,2905630,131,107459,217348,319161,0.2189999999999999,151146,0.484
05-10-2023,19,LA,10282120,330500,3807980,5164550,180,160184,215901,349934,0.098,184844,0.249
05-10-2023,19,GA,28727475,869100,9763000,14773655,481,411155,541245,1067468,0.132,476297,0.314
05-10-2023,19,WY,1281755,49300,490040,585605,28,25485,33167,63244,0.142,34832,0.351
05-10-2023,19,CO,17769135,501900,5402640,9029715,471,421377,733256,1176686,0.262,462990,0.55
05-10-2023,19,PA,42895735,1569200,13941120,21178525,528,747147,1064217,2271654,0.223,1105455,0.462
05-10-2023,19,DE,3352025,102600,1071000,1651775,92,67064,95415,196313,0.255,101880,0.539
05-10-2023,19,OR,14222125,466700,4482360,7060535,355,320112,560022,874306,0.261,371182,0.485
05-10-2023,19,WI,16474175,457200,5144600,8183105,257,475559,757859,1251270,0.275,600688,0.591
05-10-2023,19,ND,1910860,53600,600920,990720,7,28353,62888,112872,0.1939999999999999,56881,0.475
05-10-2023,19,TX,80813315,2667600,25478340,43584365,115,1225950,1511606,3085576,0.143,1282757,0.344
05-10-2023,19,MN,18519240,511500,5378420,9468070,337,476621,910419,1393606,0.321,597554,0.649
05-10-2023,19,UT,8421900,257900,2420360,4652010,360,126383,290081,422005,0.186,164098,0.449
05-10-2023,19,SC,14205395,466400,5125140,6858095,265,231337,286267,579190,0.143,326065,0.348
05-10-2023,19,DC,2761525,73200,795480,1425045,95,60941,87130,210681,0.365,50711,0.581
05-10-2023,19,NC,30278310,959600,9753880,15371580,218,300737,382304,1468583,0.179,692266,0.395
05-10-2023,19,WA,25606455,777800,7783800,12807915,791,662109,1076192,1828199,0.307,720971,0.596
05-10-2023,19,SD,2713025,94000,882400,1326385,27,41342,65661,146797,0.22,75318,0.496
05-10-2023,19,PR,8842720,216600,2843120,5014090,252,187732,250975,326906,0.125,165792,0.244
05-10-2023,19,RI,3531485,90600,1154400,1754745,178,101978,127639,258452,0.302,112605,0.602
05-10-2023,19,IA,9429185,293100,3077920,4577895,110,224095,356159,599083,0.247,308886,0.5589999999999999
05-10-2023,19,FM,291840,12800,127940,115460,4,5951,9804,12026,0.18,1139,0.237
05-10-2023,19,PW,52580,3800,30900,14390,0,1739,678,1831,0.11,311,0.156
05-10-2023,19,NV,7722770,260400,2313400,4208770,57,130417,195351,386509,0.162,185325,0.374
05-10-2023,19,KY,12200975,395600,4310000,5909535,321,215871,295472,540346,0.156,276605,0.369
05-10-2023,19,VI,173300,3400,44240,115760,1,905,1260,4163,0.051,2370,0.1159999999999999
05-10-2023,19,WV,5515855,172600,1967420,2696125,79,92252,111721,204380,0.143,115583,0.315
05-10-2023,19,VA2,9888200,626900,4250780,3780780,58,301964,279337,883903,0.0,572429,0.0
05-10-2023,19,ME,4981040,159400,1595120,2361030,123,143731,212852,395753,0.361,203204,0.7120000000000001
05-10-2023,19,ID,4751720,160200,1604380,2346190,102,89372,127400,236353,0.177,122934,0.423
05-10-2023,19,BP2,421090,16200,172520,199110,3,2634,6157,9775,0.0,677,0.0
05-10-2023,19,MP,152250,3700,28020,108950,1,548,3646,4180,0.1159999999999999,821,0.2189999999999999
05-10-2023,19,US,984444295,31552000,313437660,505345015,23997,20172044,28600698,52996306,0.205,23699191,0.433
05-10-2023,19,IH2,4122405,111800,1529280,1950935,22,49118,67557,155957,0.0,47681,0.0
05-10-2023,19,MS,7252325,235400,2600260,3695395,160,103195,113062,196419,0.086,111149,0.228
05-10-2023,19,IL,38328915,1185600,11169140,19851535,1282,920813,1460879,2397509,0.243,1015847,0.497
05-10-2023,19,KS,8356725,262700,2757140,4161795,263,153400,237957,433925,0.196,213868,0.45
05-10-2023,19,MH,162240,12800,74500,53540,0,3258,1668,4793,0.1009999999999999,375,0.1
05-10-2023,19,FL,61526685,2477700,20028720,31997745,2469,1110763,1317238,2447806,0.142,1402788,0.312
05-10-2023,19,MO,15654225,441000,5140460,7967645,234,296414,447332,867125,0.182,437570,0.412
05-10-2023,19,GU,387180,25100,99980,232940,7,8142,11941,16807,0.147,4534,0.282
05-10-2023,19,VT,2588940,74200,831220,1244690,72,63130,119979,196740,0.386,86640,0.693
05-10-2023,19,CT,11881825,355100,3940280,5856215,121,312125,395095,860108,0.303,386369,0.613
05-10-2023,19,OH,31703485,1014000,10088440,16355895,1167,717338,1117483,1794636,0.1969999999999999,896254,0.4379999999999999
05-10-2023,19,NJ,29637655,1015900,9139940,15503585,938,550830,732698,1434973,0.207,607360,0.412
05-10-2023,19,DD2,7782150,210800,2346340,4629770,123,53577,125274,180910,0.0,35868,0.0
05-10-2023,19,TN,17172490,533400,5670340,8759050,786,303324,419070,693621,0.13,357735,0.313
05-10-2023,19,CA,121107865,3785200,37596780,63095065,2723,3183684,4236863,7555616,0.247,2821306,0.483
05-10-2023,19,MT,2714785,106500,952100,1267535,133,63035,88677,163903,0.195,86927,0.421
05-10-2023,19,IN,18989660,634000,5571300,10052520,526,270072,466906,716361,0.139,364685,0.336
05-10-2023,19,NY,61302975,1964500,18769880,32657655,2064,1153371,1624240,3256415,0.211,1408987,0.427
05-10-2023,19,AL,12349530,402500,4797960,5848060,348,166683,180255,366925,0.096,202699,0.239
05-10-2023,19,VA,26823665,803400,8071900,14050785,940,615868,909811,1669370,0.25,695737,0.512
05-10-2023,19,MD,22359840,616400,6422360,11814000,864,530058,781643,1363452,0.289,544230,0.5670000000000001
05-10-2023,19,AR,8373210,265400,3075220,4016440,125,140035,153618,317694,0.1369999999999999,174653,0.3329999999999999
05-10-2023,19,HI,4677910,124900,1504020,2369320,123,146921,163997,303566,0.272,142548,0.531
05-10-2023,19,OK,9702330,342300,3591280,4611140,184,163086,205353,459985,0.153,240935,0.379
05-10-2023,19,NH,5121800,189000,1454740,2624840,88,73544,161633,307435,0.278,149093,0.5870000000000001
05-10-2023,19,AZ,19959120,621000,6493460,10188940,1244,420535,591401,1074856,0.191,523583,0.4
05-10-2023,19,MI,29638290,967800,9925120,14452250,520,701952,953942,1704974,0.217,833254,0.472
05-10-2023,19,AS,128480,600,25000,100770,0,532,1917,568,0.018,199,0.061
05-10-2023,19,AK,2176065,86200,718520,1079425,64,41559,53932,95906,0.174,39311,0.429
05-10-2023,19,MA,23747420,633500,7490080,11662830,285,673281,810884,1958126,0.353,760442,0.65
05-10-2023,19,NM,6176205,190600,2020200,3002385,286,163309,211991,437622,0.27,201311,0.5329999999999999
05-03-2023,18,DC,2750955,73200,795480,1425045,95,60889,87030,210216,0.364,50426,0.5770000000000001
05-03-2023,18,CA,120813275,3785200,37596780,63095065,2722,3177416,4227135,7519825,0.246,2807748,0.481
05-03-2023,18,NM,6161655,190600,2020200,3002385,285,163089,211618,434448,0.268,199000,0.527
05-03-2023,18,TN,17138600,533400,5670340,8759050,786,302916,418424,689304,0.13,354912,0.31
05-03-2023,18,MO,15623555,441000,5140460,7967645,234,295917,446474,861538,0.181,433891,0.409
05-03-2023,18,OR,14189365,466700,4482360,7060535,355,319516,558480,869364,0.259,368385,0.481
05-03-2023,18,NY,61173695,1964500,18769880,32657655,2063,1151258,1620680,3235204,0.21,1394206,0.423
05-03-2023,18,NE,5470070,152400,1647380,2905630,131,107346,216945,317448,0.218,150171,0.481
05-03-2023,18,AZ,19916930,621000,6493320,10188940,1243,419761,590201,1064655,0.1889999999999999,517276,0.395
05-03-2023,18,FM,291840,12800,127940,115460,4,5951,9803,12025,0.18,1138,0.236
05-03-2023,18,PW,52580,3800,30900,14390,0,1739,678,1831,0.11,311,0.156
05-03-2023,18,MD,22298750,616400,6422360,11814000,863,529288,780229,1353317,0.287,536916,0.56
05-03-2023,18,IH2,4116535,111800,1529280,1950935,22,48978,67282,154819,0.0,47297,0.0
05-03-2023,18,KY,12177065,395600,4310000,5909535,321,215613,294957,537100,0.155,274783,0.366
05-03-2023,18,GU,386180,25100,99980,232940,7,8117,11868,16527,0.144,4449,0.2769999999999999
05-03-2023,18,CT,11857995,355100,3940280,5856215,121,311765,394516,854536,0.301,382266,0.607
05-03-2023,18,OH,31626655,1014000,10088440,16355895,1158,716473,1115673,1783759,0.196,889073,0.434
05-03-2023,18,MT,2710705,106500,952100,1267535,133,63014,88672,163776,0.195,86844,0.421
05-03-2023,18,MP,152250,3700,28020,108950,1,547,3627,4120,0.114,813,0.217
05-03-2023,18,AR,8357480,265400,3075220,4016440,125,139807,153340,316394,0.1369999999999999,174007,0.332
05-03-2023,18,IL,38232065,1185600,11169140,19851535,1279,919421,1458191,2389276,0.242,1012524,0.496
05-03-2023,18,NC,30225790,959600,9753880,15371580,218,299440,380222,1460232,0.178,686300,0.392
05-03-2023,18,WI,16436825,457200,5144600,8183105,257,474960,756323,1243396,0.273,595521,0.585
05-03-2023,18,US,982117925,31552000,313437520,505344115,23970,20134149,28536343,52643100,0.204,23494228,0.429
05-03-2023,18,VA,26760935,803400,8071900,14050485,939,614312,906747,1659738,0.249,691481,0.509
05-03-2023,18,PA,42794625,1569200,13941120,21178525,527,745702,1061974,2261599,0.222,1100438,0.46
05-03-2023,18,OK,9679390,342300,3591280,4611140,184,162659,204890,457031,0.152,239047,0.376
05-03-2023,18,MS,7238025,235400,2600260,3695395,160,102906,112702,193942,0.085,109896,0.226
05-03-2023,18,SC,14167805,466400,5125140,6858095,265,230751,285752,576840,0.143,324837,0.347
05-03-2023,18,MH,162240,12800,74500,53540,0,3258,1668,4792,0.1009999999999999,374,0.1
05-03-2023,18,UT,8412360,257900,2420360,4652010,360,126376,290068,421885,0.185,164029,0.4479999999999999
05-03-2023,18,IA,9375425,293100,3077920,4577895,110,223848,355675,596491,0.246,307232,0.556
05-03-2023,18,IN,18948140,634000,5571300,10052520,526,269598,465833,710574,0.138,360997,0.332
05-03-2023,18,WY,1279735,49300,490040,585605,28,25407,33076,62464,0.14,34327,0.346
05-03-2023,18,CO,17740375,501900,5402640,9029415,471,420797,731714,1167923,0.26,457227,0.5429999999999999
05-03-2023,18,MN,18479860,511500,5378420,9468070,337,476037,908626,1389226,0.32,596074,0.648
05-03-2023,18,MA,23674020,633500,7490080,11662830,285,670577,807368,1945095,0.351,753670,0.645
05-03-2023,18,KS,8337105,262700,2757140,4161795,263,153174,237471,431378,0.195,212240,0.446
05-03-2023,18,WA,25548175,777800,7783800,12807915,791,660734,1073798,1810908,0.304,708711,0.586
05-03-2023,18,WV,5503995,172600,1967420,2696125,79,92148,111596,203214,0.142,114780,0.313
05-03-2023,18,SD,2708815,94000,882400,1326385,27,41308,65615,145812,0.218,74615,0.491
05-03-2023,18,PR,8835550,216600,2843120,5014090,252,186905,249313,321837,0.123,163164,0.24
05-03-2023,18,FL,61381235,2477700,20028720,31997445,2464,1108781,1314472,2423558,0.141,1387946,0.309
05-03-2023,18,NV,7707650,260400,2313400,4208770,57,130159,194943,382859,0.16,182863,0.369
05-03-2023,18,VT,2581180,74200,831220,1244690,72,62991,119722,195142,0.3829999999999999,85403,0.6829999999999999
05-03-2023,18,LA,10259450,330500,3807980,5164550,180,159844,215334,346762,0.0969999999999999,183091,0.247
05-03-2023,18,TX,80605715,2667600,25478340,43584365,114,1223632,1507884,3044068,0.141,1262591,0.3379999999999999
05-03-2023,18,ID,4746890,160200,1604380,2346190,102,89192,127164,234437,0.175,121567,0.418
05-03-2023,18,VI,173200,3400,44240,115760,1,903,1260,4110,0.05,2335,0.114
05-03-2023,18,NH,5109390,189000,1454740,2624840,88,73386,161146,304533,0.276,146691,0.578
05-03-2023,18,BP2,421090,16200,172520,199110,3,2634,6156,9774,0.0,677,0.0
05-03-2023,18,VA2,9883700,626900,4250780,3780780,58,301194,278589,878334,0.0,568731,0.0
05-03-2023,18,AS,128480,600,25000,100770,0,532,1917,568,0.018,199,0.061
05-03-2023,18,NJ,29563065,1015900,9139940,15503585,938,549953,731391,1425802,0.205,601534,0.408
05-03-2023,18,DE,3341285,102600,1071000,1651775,92,67059,95405,196210,0.255,101818,0.539
05-03-2023,18,ME,4964830,159400,1595120,2361030,123,143519,212420,392586,0.358,200741,0.7040000000000001
05-03-2023,18,ND,1908130,53600,600920,990720,7,28312,62738,112490,0.193,56767,0.474
05-03-2023,18,AK,2171395,86200,718520,1079425,63,41482,53750,95359,0.173,39046,0.426
05-03-2023,18,MI,29548820,967800,9925120,14452250,520,700906,952031,1692891,0.216,825083,0.467
05-03-2023,18,DD2,7770830,210800,2346340,4629770,123,53451,124972,179721,0.0,35457,0.0
05-03-2023,18,AL,12322100,402500,4797960,5848060,347,166339,179862,364359,0.096,201029,0.237
05-03-2023,18,HI,4657350,124900,1504020,2369320,123,146561,163640,302154,0.271,141745,0.528
05-03-2023,18,RI,3519625,90600,1154400,1754745,178,101783,127409,256830,0.3,111458,0.596
05-03-2023,18,GA,28656825,869100,9763000,14773655,481,410252,539725,1059221,0.131,471454,0.311
04-26-2023,17,SD,2699775,94000,882400,1326385,27,41279,65558,145547,0.218,74485,0.49
04-26-2023,17,NE,5458380,152400,1647380,2904460,131,107225,216540,315836,0.217,149276,0.478
04-26-2023,17,FM,291840,12800,127940,115460,4,5951,9803,12025,0.18,1138,0.236
04-26-2023,17,BP2,420530,16200,172520,199110,3,2634,6156,9774,0.0,677,0.0
04-26-2023,17,KS,8312875,262700,2757140,4161795,263,152966,237010,429105,0.1939999999999999,210829,0.4429999999999999
04-26-2023,17,MT,2704635,106500,952100,1267535,133,62906,87809,161430,0.192,85298,0.413
04-26-2023,17,IL,38130085,1185600,11169140,19851535,1276,918124,1455499,2381158,0.242,1009374,0.494
04-26-2023,17,TX,80435365,2667600,25478340,43584365,114,1221227,1504067,3008821,0.139,1246403,0.3339999999999999
04-26-2023,17,MI,29471460,967800,9925120,14452250,520,699838,950102,1680951,0.214,817026,0.4629999999999999
04-26-2023,17,TN,17111220,533400,5670340,8759050,785,299922,413339,670683,0.126,346730,0.303
04-26-2023,17,IA,9363025,293100,3077920,4577895,109,223548,355060,593246,0.244,305171,0.552
04-26-2023,17,PR,8831280,216600,2843120,5014090,252,186859,249304,321693,0.123,163066,0.24
04-26-2023,17,VT,2571730,74200,831220,1244690,72,62877,119497,193878,0.38,84409,0.675
04-26-2023,17,DC,2742985,73200,795480,1425045,95,60734,86783,208797,0.362,49551,0.5670000000000001
04-26-2023,17,ND,1901820,53600,600920,990720,7,28277,62595,112112,0.193,56662,0.473
04-26-2023,17,OK,9658000,342300,3591280,4611140,183,162194,204433,454003,0.151,237196,0.373
04-26-2023,17,KY,12153935,395600,4310000,5909535,321,215350,294449,533797,0.154,272930,0.364
04-26-2023,17,VI,173200,3400,44240,115760,1,902,1260,4106,0.05,2331,0.114
04-26-2023,17,NJ,29483495,1015900,9139940,15503585,936,549061,730221,1417746,0.204,596872,0.405
04-26-2023,17,DE,3331835,102600,1071000,1651775,92,66911,95155,194377,0.252,100686,0.5329999999999999
04-26-2023,17,FL,61238995,2477700,20028720,31997445,2458,1106574,1311691,2400143,0.139,1373514,0.305
04-26-2023,17,MO,15591275,441000,5140460,7967645,234,295500,445696,856554,0.18,430818,0.406
04-26-2023,17,WV,5498295,172600,1967420,2696125,79,92041,111471,202129,0.141,114088,0.311
04-26-2023,17,MD,22237870,616400,6422360,11813400,863,528506,778987,1344510,0.285,530767,0.5529999999999999
04-26-2023,17,NC,30151230,959600,9753880,15371580,218,298197,378054,1451721,0.177,680508,0.389
04-26-2023,17,MP,151290,3700,28020,108950,1,547,3577,4038,0.1119999999999999,801,0.213
04-26-2023,17,NY,61058175,1964500,18769880,32657655,2059,1149308,1617222,3216045,0.208,1381428,0.419
04-26-2023,17,NM,6144115,190600,2020200,3002385,284,162882,211205,431733,0.266,197079,0.522
04-26-2023,17,PA,42655195,1569200,13941120,21178525,527,744447,1059865,2252226,0.222,1095875,0.4579999999999999
04-26-2023,17,AK,2162725,86200,718520,1079425,63,41410,53603,94884,0.172,38849,0.424
04-26-2023,17,CA,120437235,3785200,37596780,63095065,2721,3173050,4220654,7495253,0.245,2798070,0.479
04-26-2023,17,SC,14142465,466400,5125140,6858095,265,230332,285153,574651,0.142,323811,0.346
04-26-2023,17,NV,7693550,260400,2313400,4208770,57,129884,194543,379709,0.159,181001,0.365
04-26-2023,17,RI,3505985,90600,1154400,1754745,178,101626,127208,255381,0.299,110445,0.59
04-26-2023,17,CO,17699825,501900,5402640,9029415,469,419730,728664,1155821,0.257,450626,0.535
04-26-2023,17,DD2,7764290,210800,2346340,4629770,122,53323,124727,178916,0.0,35260,0.0
04-26-2023,17,VA,26688325,803400,8071900,14048145,939,614252,906625,1658453,0.248,690620,0.508
04-26-2023,17,WY,1277235,49300,490040,585605,28,25388,33066,62391,0.14,34285,0.346
04-26-2023,17,ME,4950900,159400,1595120,2361030,123,143291,212024,389618,0.356,198503,0.696
04-26-2023,17,UT,8398190,257900,2420360,4652010,360,126370,290050,421754,0.185,163961,0.4479999999999999
04-26-2023,17,OR,14097425,466700,4482360,7060535,355,319020,556712,864327,0.258,366092,0.478
04-26-2023,17,US,979617855,31552000,313437520,505340005,23940,20100539,28477129,52331682,0.203,23320318,0.426
04-26-2023,17,ID,4730230,160200,1604380,2346190,102,89042,126962,233099,0.174,120702,0.415
04-26-2023,17,PW,52580,3800,30900,14390,0,1739,678,1831,0.11,311,0.156
04-26-2023,17,GA,28619115,869100,9763000,14773655,481,409342,538330,1051543,0.13,467162,0.308
04-26-2023,17,MS,7225705,235400,2600260,3695395,160,102711,112456,192578,0.085,109274,0.225
04-26-2023,17,AZ,19864230,621000,6493320,10188940,1239,419023,589151,1055893,0.187,512016,0.391
04-26-2023,17,AR,8343140,265400,3075220,4016440,125,139586,153094,315061,0.136,173400,0.331
04-26-2023,17,IH2,4102695,111800,1529280,1950935,22,48847,67000,153675,0.0,46956,0.0
04-26-2023,17,HI,4636820,124900,1504020,2369320,123,146192,163289,300733,0.2689999999999999,140905,0.525
04-26-2023,17,GU,386180,25100,99980,232940,7,8115,11868,16515,0.144,4447,0.2769999999999999
04-26-2023,17,NH,5092590,189000,1454740,2624840,88,73253,160753,302641,0.2739999999999999,145286,0.5720000000000001
04-26-2023,17,OH,31560665,1014000,10088440,16355895,1157,715624,1113950,1773666,0.195,882793,0.431
04-26-2023,17,CT,11824735,355100,3940280,5856215,121,311415,393937,849177,0.299,378410,0.6
04-26-2023,17,MA,23595600,633500,7490080,11662830,285,670517,807292,1944331,0.351,753115,0.644
04-26-2023,17,WA,25432585,777800,7783800,12807915,790,659377,1071362,1796979,0.302,699880,0.579
04-26-2023,17,IN,18899860,634000,5571300,10052520,524,269177,464855,705609,0.1369999999999999,357975,0.33
04-26-2023,17,MN,18431600,511500,5378420,9468070,337,475338,906851,1384620,0.319,594522,0.6459999999999999
04-26-2023,17,VA2,9862200,626900,4250780,3780780,58,300392,277719,872785,0.0,565265,0.0
04-26-2023,17,AS,128480,600,25000,100770,0,532,1917,567,0.018,199,0.061
04-26-2023,17,WI,16390495,457200,5144600,8183105,257,474352,754714,1235965,0.271,591007,0.581
04-26-2023,17,MH,162240,12800,74500,53540,0,3198,1571,4486,0.094,356,0.095
04-26-2023,17,AL,12305740,402500,4797960,5848060,347,166077,179543,362246,0.095,199736,0.235
04-26-2023,17,LA,10247570,330500,3807980,5164550,180,159612,214947,344589,0.0969999999999999,181870,0.245
04-19-2023,16,DD2,7762950,210800,2346340,4629770,121,53205,124486,178037,0.0,35140,0.0
04-19-2023,16,IH2,4099115,111800,1529280,1950935,22,48703,66678,152492,0.0,46637,0.0
04-19-2023,16,WA,25360615,777800,7783800,12807915,790,658261,1069318,1787492,0.3,694681,0.574
04-19-2023,16,KS,8298495,262700,2757140,4161795,263,152790,236680,427736,0.193,210190,0.442
04-19-2023,16,NH,5087780,189000,1454740,2624840,88,73172,160436,301835,0.273,144911,0.5710000000000001
04-19-2023,16,WY,1276035,49300,490040,585605,28,25358,33007,62146,0.14,34171,0.345
04-19-2023,16,CA,120242535,3785200,37596780,63095065,2719,3168348,4213194,7467706,0.244,2789228,0.478
04-19-2023,16,DE,3327515,102600,1071000,1651775,92,66907,95144,194311,0.252,100656,0.5329999999999999
04-19-2023,16,CO,17678745,501900,5402640,9029415,469,419694,728622,1155484,0.257,450417,0.535
04-19-2023,16,PW,52580,3800,30900,14390,0,1739,678,1831,0.11,311,0.156
04-19-2023,16,AL,12296740,402500,4797960,5848060,347,165724,179200,360317,0.094,198621,0.2339999999999999
04-19-2023,16,US,978124175,31552000,313437520,505338835,23894,20071269,28426315,52117186,0.2019999999999999,23221265,0.424
04-19-2023,16,NV,7677010,260400,2313400,4208770,57,129669,194235,377596,0.158,180029,0.363
04-19-2023,16,NC,30093850,959600,9753880,15371580,218,297444,376604,1444870,0.176,676802,0.387
04-19-2023,16,MT,2700405,106500,952100,1267535,132,62784,87637,160681,0.191,84940,0.411
04-19-2023,16,NJ,29443525,1015900,9139940,15503585,936,548226,729091,1411437,0.203,593641,0.402
04-19-2023,16,OH,31510065,1014000,10088440,16355895,1156,714484,1112095,1766004,0.1939999999999999,878961,0.43
04-19-2023,16,MA,23564450,633500,7490080,11662830,285,669633,805749,1939319,0.35,751222,0.642
04-19-2023,16,TX,80303035,2667600,25478340,43584365,114,1219111,1500737,2985056,0.138,1236284,0.331
04-19-2023,16,VI,172840,3400,44240,115760,1,900,1259,3924,0.048,2244,0.11
04-19-2023,16,NE,5447670,152400,1647380,2904460,131,107065,216169,314648,0.216,148770,0.476
04-19-2023,16,NY,61002805,1964500,18769880,32657655,2037,1147310,1614046,3201295,0.208,1372735,0.416
04-19-2023,16,FM,291840,12800,127940,115460,4,5949,9750,11908,0.178,1132,0.235
04-19-2023,16,ME,4940730,159400,1595120,2361030,122,143067,211613,387904,0.354,197486,0.6920000000000001
04-19-2023,16,OR,14077635,466700,4482360,7060535,355,318601,555714,861609,0.257,365130,0.477
04-19-2023,16,HI,4625020,124900,1504020,2369320,123,145929,162998,299140,0.268,140066,0.522
04-19-2023,16,CT,11815595,355100,3940280,5856215,121,311108,393319,845435,0.298,376176,0.597
04-19-2023,16,MI,29420430,967800,9925120,14452250,520,698884,948315,1674188,0.213,813476,0.461
04-19-2023,16,UT,8387430,257900,2420360,4652010,360,125820,288956,418773,0.184,163042,0.446
04-19-2023,16,BP2,420530,16200,172520,199110,3,2634,6155,9774,0.0,677,0.0
04-19-2023,16,WV,5487725,172600,1967420,2696125,79,91975,111400,201641,0.141,113816,0.31
04-19-2023,16,IN,18865680,634000,5571300,10052520,522,268736,463843,701563,0.136,355954,0.3279999999999999
04-19-2023,16,AK,2158775,86200,718520,1079425,63,41333,53482,94473,0.171,38703,0.423
04-19-2023,16,MP,151290,3700,28020,108950,1,546,3543,3987,0.111,790,0.21
04-19-2023,16,KY,12138795,395600,4310000,5909535,321,215098,293985,531313,0.153,271629,0.362
04-19-2023,16,AZ,19809520,621000,6493320,10188940,1237,418365,588143,1049816,0.186,508856,0.389
04-19-2023,16,ID,4723700,160200,1604380,2346190,102,88888,126755,232080,0.173,120134,0.413
04-19-2023,16,MH,162240,12800,74500,53540,0,3186,1520,4378,0.092,354,0.095
04-19-2023,16,RI,3502665,90600,1154400,1754745,178,101480,127014,254409,0.298,109933,0.588
04-19-2023,16,SD,2698115,94000,882400,1326385,27,41244,65512,145310,0.218,74402,0.49
04-19-2023,16,TN,17086050,533400,5670340,8759050,785,299644,412865,668317,0.126,345533,0.302
04-19-2023,16,VT,2568390,74200,831220,1244690,72,62782,119266,193179,0.379,84025,0.672
04-19-2023,16,PR,8826050,216600,2843120,5014090,252,186812,249300,321564,0.123,162973,0.24
04-19-2023,16,OK,9654850,342300,3591280,4611140,183,161889,204130,452142,0.15,236295,0.372
04-19-2023,16,DC,2740425,73200,795480,1425045,95,60305,86014,208088,0.36,49326,0.565
04-19-2023,16,MD,22191960,616400,6422360,11813400,862,527907,777713,1338510,0.284,527274,0.55
04-19-2023,16,NM,6135585,190600,2020200,3002385,283,162684,210816,429631,0.265,195867,0.519
04-19-2023,16,VA,26647335,803400,8071900,14048145,939,613537,905150,1654092,0.248,689041,0.507
04-19-2023,16,GA,28576865,869100,9763000,14773655,481,408607,537045,1046836,0.129,465167,0.307
04-19-2023,16,FL,61163245,2477700,20028720,31997445,2454,1104891,1309587,2388440,0.138,1367473,0.304
04-19-2023,16,IL,38081595,1185600,11169140,19851535,1269,916789,1452624,2372801,0.241,1005900,0.492
04-19-2023,16,PA,42573565,1569200,13941120,21178525,525,743791,1058798,2248145,0.221,1093961,0.457
04-19-2023,16,MO,15573305,441000,5140460,7967645,234,295129,444946,852872,0.179,428842,0.4039999999999999
04-19-2023,16,AS,128480,600,25000,100770,0,532,1914,565,0.018,199,0.061
04-19-2023,16,ND,1898390,53600,600920,990720,7,28235,62449,111741,0.192,56554,0.472
04-19-2023,16,MN,18377260,511500,5378420,9466900,337,474741,904954,1380275,0.318,593305,0.645
04-19-2023,16,AR,8333870,265400,3075220,4016440,125,139374,152912,314007,0.135,172881,0.33
04-19-2023,16,IA,9356535,293100,3077920,4577895,109,223283,354448,591156,0.243,304196,0.55
04-19-2023,16,WI,16364595,457200,5144600,8183105,257,473825,753157,1231641,0.27,589168,0.579
04-19-2023,16,LA,10240590,330500,3807980,5164550,180,159290,214482,342438,0.096,180828,0.244
04-19-2023,16,GU,386180,25100,99980,232940,7,8100,11838,16395,0.143,4429,0.276
04-19-2023,16,MS,7216515,235400,2600260,3695395,160,102662,112418,192327,0.084,109160,0.2239999999999999
04-19-2023,16,VA2,9851220,626900,4250780,3780780,58,299539,276909,867572,0.0,562148,0.0
04-19-2023,16,SC,14128205,466400,5125140,6858095,265,229882,284703,572684,0.142,322858,0.345
04-12-2023,15,MT,2698655,106500,952100,1266975,132,62503,87361,159891,0.19,84771,0.411
04-12-2023,15,KY,12115175,395600,4309900,5902195,321,214883,293553,530949,0.153,271713,0.362
04-12-2023,15,NJ,29382140,1015900,9139640,15474710,934,547543,727990,1409827,0.203,593629,0.402
04-12-2023,15,AK,2157135,86200,718520,1078465,63,41272,53355,94454,0.171,38774,0.423
04-12-2023,15,RI,3496965,90500,1153160,1754745,178,101330,126807,254756,0.298,110352,0.59
04-12-2023,15,MH,162240,12800,74500,53540,0,3150,1429,4145,0.087,340,0.091
04-12-2023,15,AZ,19778350,621000,6492920,10181440,1233,417559,586961,1046558,0.186,509074,0.389
04-12-2023,15,CT,11850535,355800,3950760,5881105,121,310822,392701,845248,0.298,376628,0.598
04-12-2023,15,CO,17656855,501900,5402640,9023755,468,419151,726946,1173796,0.261,460201,0.546
04-12-2023,15,LA,10234460,330500,3807980,5164010,180,159029,214111,341820,0.096,180753,0.244
04-12-2023,15,NV,7671550,260400,2313400,4208030,57,129526,193965,377198,0.158,180138,0.363
04-12-2023,15,ID,4717760,160200,1604380,2344390,101,88740,126475,232146,0.173,120231,0.414
04-12-2023,15,PW,52580,3800,30900,14390,0,1739,674,1834,0.111,314,0.158
04-12-2023,15,MS,7215495,235400,2606680,3692575,160,102343,112007,191001,0.084,108566,0.223
04-12-2023,15,PA,42449840,1569500,13924940,21137370,525,740987,1053265,2297634,0.226,1127301,0.471
04-12-2023,15,MN,18341950,511500,5378220,9458380,337,474081,902809,1378758,0.318,593933,0.645
04-12-2023,15,FM,291840,12800,127940,115460,4,5949,9696,11835,0.177,1128,0.2339999999999999
04-12-2023,15,DE,3318735,102600,1071000,1649955,92,66825,95037,194289,0.252,100782,0.534
04-12-2023,15,PR,8822170,216600,2843120,5013610,252,186466,248713,320452,0.122,162693,0.239
04-12-2023,15,OH,31451215,1013900,10080740,16341575,1155,713721,1110180,1765911,0.1939999999999999,880028,0.43
04-12-2023,15,NM,6130715,190600,2020200,3001645,283,162444,210482,430607,0.266,196708,0.521
04-12-2023,15,IH2,4093265,111800,1529280,1949495,22,48564,66359,151637,0.0,46450,0.0
04-12-2023,15,NE,5440180,152400,1647080,2902720,131,106933,215699,314802,0.216,149206,0.478
04-12-2023,15,IA,9353325,293100,3077920,4577535,109,223043,353800,591341,0.244,304756,0.551
04-12-2023,15,IL,38027815,1185600,11168640,19840315,1268,915834,1450242,2375144,0.241,1008943,0.494
04-12-2023,15,WA,25324165,777800,7783700,12797135,787,657066,1066896,1791073,0.301,698579,0.5770000000000001
04-12-2023,15,MO,15571305,441000,5150760,7966545,234,294768,444298,851691,0.179,428589,0.4039999999999999
04-12-2023,15,TN,17054590,533400,5670040,8743140,785,299316,412381,668034,0.126,345724,0.302
04-12-2023,15,MP,150630,3700,28020,108950,1,545,3523,3941,0.109,789,0.21
04-12-2023,15,WY,1274595,49300,490040,585145,28,25332,32964,62116,0.14,34203,0.345
04-12-2023,15,GA,28537115,869100,9773940,14756995,481,407910,535793,1045881,0.129,465410,0.307
04-12-2023,15,ME,4933440,159400,1595120,2357930,121,142816,211164,389628,0.356,198780,0.6970000000000001
04-12-2023,15,DC,2734025,73200,796180,1423045,95,60228,85890,208543,0.361,49522,0.5670000000000001
04-12-2023,15,OK,9630860,342300,3590680,4602480,183,161636,203844,451770,0.15,236310,0.372
04-12-2023,15,MD,22187480,616500,6431280,11823770,862,527394,776505,1340236,0.284,529222,0.552
04-12-2023,15,WV,5476395,172600,1962360,2693605,79,91906,111292,201576,0.141,113881,0.31
04-12-2023,15,MI,29340990,967800,9923920,14424540,516,696997,944613,1672466,0.213,814512,0.461
04-12-2023,15,KS,8288785,262700,2756940,4161315,263,152552,236307,427768,0.193,210504,0.4429999999999999
04-12-2023,15,VA2,9838120,626900,4250780,3780600,58,298651,276039,866701,0.0,562196,0.0
04-12-2023,15,VT,2562230,74200,831020,1243690,72,62696,119023,193190,0.379,84209,0.6729999999999999
04-12-2023,15,AR,8326200,265400,3075220,4013840,123,139202,152688,314166,0.136,173181,0.331
04-12-2023,15,GU,386180,25100,99980,232940,7,8085,11814,16302,0.142,4414,0.275
04-12-2023,15,TX,80161565,2668000,25448580,43553365,110,1216087,1496368,2968379,0.1369999999999999,1231909,0.33
04-12-2023,15,WI,16338475,457200,5142400,8181185,256,473242,751531,1230789,0.27,589418,0.579
04-12-2023,15,DD2,7760330,210800,2346340,4628270,121,53078,124157,177831,0.0,35239,0.0
04-12-2023,15,BP2,420170,16200,172520,199110,3,2634,6153,9824,0.0,681,0.0
04-12-2023,15,ND,1896470,53600,600920,990720,7,28210,62330,111642,0.192,56589,0.472
04-12-2023,15,VI,172740,3400,44240,115760,1,900,1259,3929,0.048,2253,0.11
04-12-2023,15,CA,120071440,3784800,37596480,63064040,2657,3163450,4204453,7455416,0.244,2790542,0.478
04-12-2023,15,OR,14055745,466700,4482260,7050915,354,318211,554380,862163,0.257,366356,0.478
04-12-2023,15,SC,14129805,466700,5125140,6874265,265,229451,284235,572757,0.142,323258,0.345
04-12-2023,15,SD,2694425,94000,882400,1325725,27,41138,65229,144675,0.217,74278,0.489
04-12-2023,15,NH,5094490,189000,1454740,2635340,88,73081,160119,301807,0.273,145159,0.5720000000000001
04-12-2023,15,VA,26595295,803300,8057380,14038955,938,612632,903463,1667581,0.25,695409,0.512
04-12-2023,15,NY,60916875,1962500,18763080,32639195,2037,1145936,1611430,3203365,0.208,1375087,0.417
04-12-2023,15,NC,30057070,959800,9753780,15366080,197,273743,344840,1480063,0.181,698048,0.3989999999999999
04-12-2023,15,US,976711975,31552000,313410420,505008545,23751,20016062,28334131,52209439,0.2019999999999999,23317736,0.426
04-12-2023,15,MA,23557420,634000,7505380,11660360,285,669014,804363,1941629,0.35,753580,0.644
04-12-2023,15,IN,18818270,633800,5570200,10039100,511,268231,462094,699075,0.135,355444,0.327
04-12-2023,15,HI,4617770,124900,1504020,2368440,123,145629,162582,298449,0.267,140010,0.522
04-12-2023,15,AS,128480,600,25000,100770,0,532,1914,570,0.018,203,0.062
04-12-2023,15,FL,61071625,2478100,20028020,31967685,2443,1103330,1307454,2386166,0.138,1368170,0.304
04-12-2023,15,UT,8376800,257900,2420360,4649090,360,125818,288941,431309,0.19,168729,0.461
04-12-2023,15,AL,12280595,402500,4797960,5842795,336,165373,178919,359762,0.094,198492,0.2339999999999999
04-05-2023,14,MS,7205565,235400,2606680,3687915,160,102326,111991,190905,0.084,108524,0.223
04-05-2023,14,MA,23523260,634100,7509580,11647900,285,668323,802703,1936622,0.35,752226,0.643
04-05-2023,14,IH2,4080085,111800,1528980,1943715,22,48421,66099,150628,0.0,46184,0.0
04-05-2023,14,IN,18781590,634000,5569600,10026220,503,267836,461171,696491,0.135,354407,0.326
04-05-2023,14,OH,31402655,1013900,10080340,16325815,1153,712633,1107799,1759835,0.193,877675,0.429
04-05-2023,14,MD,22138620,616400,6423480,11809770,862,526853,775356,1336690,0.284,528077,0.55
04-05-2023,14,NJ,29340000,1015900,9139040,15464210,939,547567,727679,1407051,0.203,593041,0.402
04-05-2023,14,OR,14020765,466700,4484060,7032205,354,317779,552901,858658,0.256,365316,0.477
04-05-2023,14,NM,6119335,190600,2020000,2998085,283,162219,210134,429377,0.265,196323,0.52
04-05-2023,14,AK,2149575,86200,718220,1074905,63,41209,53250,94094,0.171,38664,0.422
04-05-2023,14,WA,25270955,777800,7780600,12785335,787,655891,1064538,1784742,0.3,696867,0.5760000000000001
04-05-2023,14,HI,4610280,124900,1504020,2366380,123,145343,162228,297053,0.266,139522,0.52
04-05-2023,14,AZ,19738790,621000,6492320,10167520,1231,416843,585885,1041740,0.185,507735,0.3879999999999999
04-05-2023,14,AL,12259995,402500,4797860,5835755,335,165135,178619,358465,0.094,197892,0.233
04-05-2023,14,WI,16296435,457200,5141500,8163505,256,472578,749726,1226291,0.2689999999999999,587962,0.578
04-05-2023,14,PR,8812500,216600,2842920,5012110,252,186164,248237,319076,0.122,162080,0.238
04-05-2023,14,UT,8360930,257900,2420060,4644370,359,125459,287649,427402,0.188,167805,0.4589999999999999
04-05-2023,14,GU,386180,25100,99980,232940,7,8054,11766,16090,0.14,4384,0.273
04-05-2023,14,DD2,7750630,210800,2346340,4626010,121,52931,123821,176469,0.0,34940,0.0
04-05-2023,14,NC,30001660,959600,9751380,15349780,196,273336,344211,1475746,0.18,696499,0.3979999999999999
04-05-2023,14,VI,172640,3400,44240,115760,1,900,1259,3900,0.048,2236,0.109
04-05-2023,14,MN,18292600,511500,5375820,9443380,337,473400,900707,1374105,0.317,592707,0.644
04-05-2023,14,AR,8319370,265400,3075120,4011640,123,139052,152451,313223,0.135,172823,0.33
04-05-2023,14,PA,42361860,1569500,13917940,21112450,525,740929,1053205,2297060,0.226,1127044,0.471
04-05-2023,14,TN,17036360,533400,5669740,8739000,785,298949,411873,665938,0.125,344811,0.302
04-05-2023,14,KS,8273245,262700,2756640,4155315,262,152320,235908,426441,0.193,209996,0.442
04-05-2023,14,AS,128480,600,25000,100770,0,532,1913,567,0.018,202,0.062
04-05-2023,14,CO,17601975,501900,5399740,9000595,464,418633,725071,1169375,0.26,458885,0.545
04-05-2023,14,KY,12094825,395600,4309100,5893915,321,214655,293107,529409,0.153,271138,0.361
04-05-2023,14,VA2,9829940,626900,4250780,3780420,58,297640,275131,861000,0.0,558896,0.0
04-05-2023,14,VT,2556470,74200,830820,1242290,71,62599,118713,192562,0.3779999999999999,84009,0.672
04-05-2023,14,WV,5471915,172600,1962260,2692125,79,91804,111185,201066,0.14,113613,0.31
04-05-2023,14,MP,150530,3700,28020,108950,1,545,3497,3896,0.108,784,0.209
04-05-2023,14,DC,2727765,73200,796080,1420145,95,59756,85537,206881,0.358,49078,0.562
04-05-2023,14,VA,26559265,803300,8056080,14028475,932,611279,900333,1658536,0.248,692353,0.509
04-05-2023,14,BP2,418890,16200,172520,198750,3,2634,6153,9824,0.0,681,0.0
04-05-2023,14,NH,5061420,189000,1454440,2619480,87,72995,159725,300789,0.272,144794,0.57
04-05-2023,14,ND,1889190,53600,600820,987160,7,28171,62146,111237,0.191,56480,0.471
04-05-2023,14,TX,80031075,2668000,25457720,43500605,110,1214016,1492451,2946634,0.136,1227397,0.3289999999999999
04-05-2023,14,IL,37971235,1185600,11166440,19820715,1267,915046,1448056,2369855,0.24,1007215,0.493
04-05-2023,14,SD,2686455,94000,882300,1321485,27,41116,65190,144545,0.217,74241,0.489
04-05-2023,14,NV,7661560,260400,2313300,4205490,57,129162,193376,374073,0.157,179108,0.361
04-05-2023,14,ID,4707210,160200,1604280,2340630,100,88581,126242,231439,0.173,119957,0.413
04-05-2023,14,CA,119879880,3784800,37583980,63006940,2660,3159650,4197131,7425834,0.243,2782019,0.477
04-05-2023,14,MT,2692525,106500,951800,1264255,132,62468,87351,159785,0.19,84723,0.41
04-05-2023,14,PW,52580,3800,30900,14390,0,1738,674,1831,0.11,314,0.158
04-05-2023,14,SC,14098585,466700,5124740,6861745,265,229066,283694,570546,0.141,322230,0.344
04-05-2023,14,MH,160740,12800,74500,53540,0,2840,963,2821,0.059,234,0.063
04-05-2023,14,MO,15543055,441000,5150260,7955785,234,294379,443511,848766,0.178,427396,0.402
04-05-2023,14,CT,11831195,355800,3949960,5873965,121,310592,392082,843092,0.297,375842,0.596
04-05-2023,14,RI,3492645,90500,1153160,1754645,178,101200,126551,253961,0.297,110064,0.588
04-05-2023,14,GA,28498275,869100,9760900,14752955,481,407134,534377,1041290,0.128,463770,0.306
04-05-2023,14,ME,4920820,159400,1594720,2354030,121,142579,210656,388164,0.354,198233,0.695
04-05-2023,14,MI,29298530,967800,9922820,14412300,516,696918,944574,1672152,0.213,814345,0.461
04-05-2023,14,LA,10225950,330500,3807980,5162110,180,158773,213682,340244,0.096,180074,0.243
04-05-2023,14,NE,5430330,152400,1646580,2899400,130,106807,215167,313703,0.215,148848,0.476
04-05-2023,14,US,974987545,31552000,313353020,504445815,23717,19990146,28280977,52023617,0.201,23258790,0.424
04-05-2023,14,NY,60826765,1962500,18759880,32612135,2036,1144464,1608736,3194529,0.207,1371886,0.416
04-05-2023,14,FM,292640,12800,128440,115460,4,5948,9661,11760,0.176,1124,0.2339999999999999
04-05-2023,14,OK,9618520,342300,3590080,4598300,180,161362,203493,450252,0.15,235678,0.371
04-05-2023,14,DE,3312675,102600,1070900,1647795,92,66745,94891,193696,0.251,100539,0.532
04-05-2023,14,IA,9296775,293100,3075420,4553375,109,222749,353144,589548,0.243,304090,0.55
04-05-2023,14,FL,60987905,2478100,20026920,31952485,2436,1101798,1305112,2375904,0.138,1363622,0.303
04-05-2023,14,WY,1273165,49300,489940,584305,28,25272,32884,61795,0.139,34059,0.3429999999999999
03-29-2023,13,WA,25215075,777800,7777500,12765595,786,654574,1061783,1767903,0.297,689692,0.57
03-29-2023,13,WI,16274905,457200,5140200,8154225,256,471806,747771,1218494,0.267,584710,0.575
03-29-2023,13,MN,18247820,511500,5373720,9427300,336,472548,898106,1365377,0.315,589388,0.64
03-29-2023,13,MA,23470800,634100,7506680,11633760,285,667264,800538,1922928,0.347,746737,0.639
03-29-2023,13,KS,8263985,262700,2756240,4152235,261,152125,235458,423920,0.192,208705,0.439
03-29-2023,13,VI,172540,3400,44240,115760,1,900,1259,3875,0.048,2217,0.108
03-29-2023,13,NC,29955720,959600,9749580,15331620,196,272929,343529,1465284,0.179,691829,0.395
03-29-2023,13,CA,119648960,3784800,37572080,62937760,2655,3153599,4187107,7378146,0.241,2764064,0.473
03-29-2023,13,TX,79885575,2668000,25455120,43440445,110,1211549,1488601,2928240,0.136,1222352,0.327
03-29-2023,13,VA,26505465,803300,8055280,14008655,932,611211,900225,1640312,0.246,684742,0.504
03-29-2023,13,NV,7649820,260400,2312800,4202350,57,129135,193329,372906,0.156,178421,0.36
03-29-2023,13,MT,2689285,106500,951700,1263015,132,62449,87342,159399,0.19,84473,0.409
03-29-2023,13,AL,12240315,402500,4797660,5830235,335,164858,178309,356344,0.093,196755,0.2319999999999999
03-29-2023,13,GA,28453905,869100,9759800,14739835,481,406290,532977,1033230,0.127,460260,0.303
03-29-2023,13,MI,29236690,967800,9921320,14389260,515,695799,942403,1657512,0.211,807394,0.457
03-29-2023,13,NH,5049440,189000,1454340,2615900,87,72883,159233,298799,0.271,143914,0.5670000000000001
03-29-2023,13,DE,3306195,102600,1070800,1646495,92,66670,94742,192730,0.25,100032,0.53
03-29-2023,13,OR,14000035,466700,4482060,7024925,353,317248,551214,851516,0.254,362260,0.473
03-29-2023,13,PA,42251760,1569500,13914340,21066490,526,740726,1052894,2228376,0.2189999999999999,1086074,0.4539999999999999
03-29-2023,13,MP,149830,3700,28020,108350,1,545,3466,3842,0.107,778,0.207
03-29-2023,13,IN,18726870,634000,5568500,10002460,503,267321,459827,691346,0.134,351876,0.324
03-29-2023,13,BP2,418430,16200,172520,198750,3,2634,6153,9773,0.0,677,0.0
03-29-2023,13,AS,128480,600,25000,100770,0,532,1907,555,0.018,197,0.06
03-29-2023,13,CT,11812865,355800,3949060,5868925,121,310199,391375,838544,0.295,373841,0.593
03-29-2023,13,DD2,7745970,210800,2345840,4624130,121,52755,123482,174486,0.0,34568,0.0
03-29-2023,13,KY,12064455,395600,4308500,5881295,321,214385,292605,526640,0.152,269883,0.36
03-29-2023,13,VT,2549710,74200,830420,1240850,70,62475,118348,191380,0.375,83422,0.667
03-29-2023,13,WV,5464115,172600,1962160,2687405,79,91683,111020,200122,0.14,113069,0.308
03-29-2023,13,LA,10213750,330500,3807780,5159750,179,158513,213234,337952,0.095,178910,0.241
03-29-2023,13,RI,3489105,90500,1151660,1754365,178,101034,126248,251977,0.295,109055,0.583
03-29-2023,13,DC,2723355,73200,795780,1418985,93,59661,85359,205400,0.356,48632,0.557
03-29-2023,13,ID,4697790,160200,1604280,2338190,100,88381,126002,229539,0.171,119187,0.41
03-29-2023,13,FL,60887465,2478100,20025820,31923625,2431,1099982,1302576,2358451,0.1369999999999999,1354017,0.301
03-29-2023,13,US,973224305,31552000,313296320,503821755,23691,19958528,28220696,51580927,0.2,23053811,0.421
03-29-2023,13,ND,1884730,53600,600820,985300,7,28111,61964,110595,0.19,56242,0.469
03-29-2023,13,GU,386180,25100,99980,232940,7,7947,11550,15262,0.133,4169,0.26
03-29-2023,13,AZ,19710780,621000,6491720,10157380,1226,416073,584646,1033801,0.183,504399,0.385
03-29-2023,13,MH,160740,12800,74500,53540,0,2840,963,2815,0.059,233,0.062
03-29-2023,13,NE,5416950,152400,1645480,2894440,130,106648,214541,311436,0.214,147732,0.473
03-29-2023,13,IH2,4072345,111800,1528780,1939635,21,48240,65694,149113,0.0,45820,0.0
03-29-2023,13,PW,52580,3800,30900,14390,0,1721,666,1788,0.108,304,0.153
03-29-2023,13,NJ,29279740,1015900,9136940,15444830,938,546780,726545,1399703,0.2019999999999999,589953,0.4
03-29-2023,13,SC,14076995,466700,5124240,6855105,265,228577,283204,566834,0.14,320160,0.342
03-29-2023,13,FM,292640,12800,128440,115460,4,5947,9537,11567,0.173,1110,0.231
03-29-2023,13,NY,60726675,1962500,18757080,32572275,2036,1142640,1605524,3174027,0.206,1362617,0.413
03-29-2023,13,NM,6106755,190600,2019800,2991505,282,161731,209403,424576,0.262,194213,0.514
03-29-2023,13,AR,8310690,265400,3075120,4008920,123,138888,152195,311259,0.134,171757,0.3279999999999999
03-29-2023,13,UT,8348270,257900,2419560,4639670,359,125456,287634,415498,0.183,162241,0.4429999999999999
03-29-2023,13,IL,37906495,1185600,11165040,19798895,1270,913975,1445342,2354805,0.239,1000158,0.489
03-29-2023,13,TN,17017640,533400,5669540,8729980,785,298604,411235,662264,0.125,342900,0.3
03-29-2023,13,PR,8803960,216600,2842720,5009950,252,185663,247453,316182,0.121,160644,0.236
03-29-2023,13,SD,2681815,94000,882000,1318865,27,41038,64908,143402,0.215,73799,0.486
03-29-2023,13,IA,9291395,293100,3075420,4552095,109,222391,352421,585824,0.241,302182,0.546
03-29-2023,13,HI,4598400,124900,1503820,2362220,123,144967,161732,294343,0.264,138250,0.515
03-29-2023,13,OK,9606220,342300,3589880,4593560,181,161087,203116,447563,0.149,234291,0.369
03-29-2023,13,AK,2145295,86200,717820,1072545,63,41139,53141,93462,0.1689999999999999,38382,0.419
03-29-2023,13,CO,17575475,501900,5399740,8988115,463,417997,722433,1141597,0.254,446546,0.53
03-29-2023,13,MD,22106450,616400,6421980,11800210,861,526235,773909,1327485,0.282,523742,0.546
03-29-2023,13,VA2,9823220,626900,4250780,3780060,58,296556,274123,850450,0.0,552224,0.0
03-29-2023,13,MS,7192555,235400,2606580,3681295,159,101850,111482,188025,0.083,107040,0.22
03-29-2023,13,MO,15524315,441000,5150060,7950965,234,294026,442716,844560,0.177,425430,0.401
03-29-2023,13,ME,4910300,159400,1594420,2350190,120,142313,210056,383797,0.35,195972,0.687
03-29-2023,13,WY,1272055,49300,489740,583925,28,25266,32880,61590,0.138,33942,0.342
03-29-2023,13,OH,31332825,1013900,10078940,16301555,1152,711731,1105913,1750497,0.192,872832,0.427
03-22-2023,12,MH,160740,12800,79400,67440,0,2840,963,2815,0.059,233,0.062
03-22-2023,12,SD,2674835,94000,985700,1590435,27,40890,64478,142058,0.213,73422,0.483
03-22-2023,12,NC,29891670,959600,11015480,17873690,196,272445,342627,1459810,0.178,689882,0.3939999999999999
03-22-2023,12,PR,8797810,216600,3094220,5484990,252,185156,246582,313668,0.12,159506,0.235
03-22-2023,12,OK,9593660,342300,3962160,5260700,180,160040,201759,442370,0.147,232022,0.365
03-22-2023,12,UT,8328610,257900,2635940,5426070,359,125139,286509,412813,0.181,161544,0.442
03-22-2023,12,ND,1882400,53600,656320,1169880,7,28054,61763,110066,0.1889999999999999,56077,0.4679999999999999
03-22-2023,12,WV,5450075,172600,2193020,3074755,79,91555,110873,199540,0.139,112784,0.307
03-22-2023,12,AL,12225435,402500,5232580,6567055,335,164537,177795,354384,0.093,195862,0.23
03-22-2023,12,NH,5042710,189000,1610440,3238770,87,72789,158806,297803,0.27,143549,0.565
03-22-2023,12,PA,42179660,1569500,15648820,24890040,525,739309,1049895,2220412,0.218,1082831,0.452
03-22-2023,12,AR,8296910,265400,3408820,4594890,123,138704,151915,310193,0.134,171329,0.327
03-22-2023,12,HI,4589330,124900,1746820,2713310,123,144392,161006,291081,0.261,136564,0.509
03-22-2023,12,DD2,7739130,210800,2481540,5009690,120,52566,123135,173166,0.0,34405,0.0
03-22-2023,12,MT,2685065,106500,1065420,1506445,132,62178,86984,158170,0.188,83982,0.407
03-22-2023,12,ME,4897100,159400,1835060,2895640,118,142030,209340,382067,0.349,195378,0.685
03-22-2023,12,WY,1269455,49300,537240,679615,28,25202,32808,61319,0.138,33837,0.341
03-22-2023,12,WI,16237615,457200,5943080,9816535,256,470901,745492,1213014,0.266,582921,0.573
03-22-2023,12,BP2,418430,16200,183920,218310,3,2634,6153,9773,0.0,677,0.0
03-22-2023,12,SC,14051715,466700,5691460,7846855,265,228015,282591,564291,0.14,319034,0.34
03-22-2023,12,MI,29179380,967800,11279620,16901960,513,694259,939811,1650010,0.21,804749,0.456
03-22-2023,12,MD,22069180,616400,7369520,14047760,861,525372,772277,1322793,0.281,522331,0.544
03-22-2023,12,VA,26459705,803300,9181380,16443425,931,610271,898130,1634469,0.245,682876,0.503
03-22-2023,12,OR,13964585,466700,4974260,8500425,352,316656,549375,847290,0.253,361059,0.471
03-22-2023,12,CT,11790545,355800,4565320,6860125,121,309752,390591,835667,0.294,372924,0.5920000000000001
03-22-2023,12,LA,10199700,330500,4115780,5744020,179,158121,212606,335824,0.094,177901,0.24
03-22-2023,12,VT,2544270,74200,935920,1531250,70,62345,117993,190627,0.374,83136,0.665
03-22-2023,12,FL,60783275,2478100,22201900,36043775,2426,1097796,1298998,2344411,0.136,1347590,0.3
03-22-2023,12,NE,5404990,152400,1823560,3422230,130,106462,213908,310109,0.213,147303,0.471
03-22-2023,12,OH,31267195,1013900,11184800,19040295,1147,710068,1103315,1742746,0.191,869546,0.425
03-22-2023,12,IN,18686300,634000,6285220,11756280,498,266860,458762,688546,0.133,350784,0.3229999999999999
03-22-2023,12,MA,23418930,634100,8885140,13885590,284,665916,798096,1914628,0.346,744584,0.637
03-22-2023,12,US,971469075,31552000,352247700,586424075,23646,19917367,28142818,51335207,0.1989999999999999,22970943,0.419
03-22-2023,12,TN,16981770,533400,6300220,10130150,785,298154,410582,659795,0.124,341855,0.299
03-22-2023,12,PW,52580,3800,32300,16480,0,1716,664,1774,0.107,303,0.152
03-22-2023,12,IL,37830335,1185600,12856080,23759255,1266,912300,1441550,2345596,0.238,997166,0.488
03-22-2023,12,NV,7633300,260400,2562220,4803780,57,128912,192966,371072,0.155,177751,0.358
03-22-2023,12,TX,79778285,2668000,28214080,48787505,110,1208927,1484550,2910016,0.135,1216962,0.326
03-22-2023,12,VI,172060,3400,47540,120820,1,896,1259,3823,0.047,2183,0.107
03-22-2023,12,IA,9285645,293100,3472100,5500745,109,222000,351569,583539,0.24,301297,0.545
03-22-2023,12,GA,28400045,869100,10700280,16792065,479,405307,531067,1027065,0.127,457968,0.302
03-22-2023,12,CA,119464970,3784800,42594960,72929210,2650,3146139,4174524,7337952,0.24,2753356,0.472
03-22-2023,12,VA2,9812000,626900,4845680,4327920,58,295402,273021,843758,0.0,548394,0.0
03-22-2023,12,ID,4688940,160200,1800580,2712160,100,88218,125711,228672,0.171,118878,0.409
03-22-2023,12,MP,149830,3700,29220,116710,1,545,3429,3790,0.105,770,0.205
03-22-2023,12,KY,12044315,395600,4776040,6860275,321,214094,291997,524607,0.151,269060,0.358
03-22-2023,12,NJ,29228540,1015900,10296720,17875720,937,545315,724356,1391419,0.2,587386,0.3979999999999999
03-22-2023,12,FM,290500,12800,128940,148760,4,5947,9537,11567,0.173,1110,0.231
03-22-2023,12,WA,25160995,777800,8916000,15430995,785,653157,1058943,1760600,0.296,687789,0.569
03-22-2023,12,KS,8242215,262700,3059160,4898455,260,151766,234363,420612,0.19,207581,0.437
03-22-2023,12,DE,3297555,102600,1221700,1968555,92,66587,94571,192147,0.249,99811,0.528
03-22-2023,12,CO,17522215,501900,6113220,10872495,463,417370,720073,1136370,0.253,445126,0.528
03-22-2023,12,AK,2140645,86200,800620,1248025,63,41038,52952,92900,0.168,38238,0.418
03-22-2023,12,RI,3480765,90500,1339760,2046105,177,100820,125926,250892,0.293,108622,0.581
03-22-2023,12,MN,18206190,511500,6136560,11539830,336,471689,895287,1359420,0.313,587816,0.639
03-22-2023,12,DC,2720005,73200,933840,1709865,93,59588,85243,205009,0.355,48529,0.556
03-22-2023,12,GU,383020,25100,106980,250340,7,7905,11469,14959,0.131,4096,0.255
03-22-2023,12,IH2,4061275,111800,1689060,2252115,21,47986,65258,147594,0.0,45444,0.0
03-22-2023,12,NY,60631575,1962500,21029860,37603115,2033,1140521,1601914,3162166,0.205,1358223,0.412
03-22-2023,12,AZ,19669640,621000,7273260,11754980,1224,415390,583311,1028921,0.182,502954,0.384
03-22-2023,12,MS,7184425,235400,2826920,4114305,158,101826,111457,187878,0.0819999999999999,106985,0.22
03-22-2023,12,AS,128480,600,25500,102380,0,532,1904,549,0.018,197,0.06
03-22-2023,12,NM,6096305,190600,2355100,3542905,282,161480,209028,423039,0.261,193700,0.513
03-22-2023,12,MO,15504375,441000,5787240,9256735,234,293627,441850,841323,0.176,424171,0.3989999999999999
03-15-2023,11,AK,2134835,86200,799520,1243515,63,40920,52809,92406,0.168,38117,0.416
03-15-2023,11,SD,2667655,94000,985000,1583955,27,40855,64400,141779,0.212,73347,0.483
03-15-2023,11,DE,3287805,102600,1220100,1960405,92,66485,94419,191587,0.249,99583,0.527
03-15-2023,11,ID,4680740,160200,1797340,2707300,100,88063,125412,227735,0.17,118552,0.408
03-15-2023,11,IN,18647190,634000,6279020,11723770,497,266095,456991,683788,0.132,348899,0.321
03-15-2023,11,AZ,19626280,621000,7263940,11721040,1137,414319,581698,1022318,0.181,501001,0.3829999999999999
03-15-2023,11,PW,52430,3800,32300,16330,0,1702,662,1750,0.106,293,0.147
03-15-2023,11,NC,29839510,959600,11002300,17834910,196,271922,341765,1454049,0.178,687853,0.3929999999999999
03-15-2023,11,BP2,418430,16200,183920,218310,3,2634,6153,9772,0.0,676,0.0
03-15-2023,11,WV,5441155,172600,2189980,3068875,79,91390,110707,198812,0.139,112448,0.306
03-15-2023,11,CT,11773465,355800,4558260,6850105,120,309326,389829,832802,0.293,371973,0.59
03-15-2023,11,CO,17487215,501900,6105760,10844955,461,416649,717766,1131320,0.251,443784,0.527
03-15-2023,11,ND,1876870,53600,656320,1164350,7,27996,61537,109522,0.188,55886,0.466
03-15-2023,11,LA,10182930,330500,4111180,5732450,178,157776,211943,333678,0.094,176995,0.239
03-15-2023,11,IH2,4051495,111800,1685280,2246215,21,47790,64805,146164,0.0,45113,0.0
03-15-2023,11,FM,290500,12800,128940,148760,4,5944,9329,11379,0.171,1098,0.228
03-15-2023,11,OR,13937855,466700,4966520,8481735,350,316066,547191,842963,0.252,359763,0.47
03-15-2023,11,MO,15476015,441000,5781360,9234855,234,293190,440747,837684,0.176,422697,0.3979999999999999
03-15-2023,11,KS,8220425,262700,3055440,4880685,260,151533,234003,419452,0.19,207067,0.435
03-15-2023,11,VA,26416265,803300,9170080,16411485,925,608171,893552,1621968,0.243,678678,0.499
03-15-2023,11,KY,12022935,395600,4769540,6845695,320,213826,291481,522966,0.151,268376,0.358
03-15-2023,11,TX,79643845,2668000,28180260,48690285,110,1206272,1479957,2891151,0.134,1211493,0.324
03-15-2023,11,ME,4884810,159400,1830920,2887490,118,141709,208592,380339,0.347,194744,0.6829999999999999
03-15-2023,11,NY,60523205,1962500,20995900,37529905,2030,1138368,1598182,3150210,0.204,1354080,0.411
03-15-2023,11,MN,18157630,511500,6129420,11498510,336,470770,892582,1353547,0.312,586318,0.637
03-15-2023,11,AL,12208705,402500,5227280,6555725,333,164241,177331,352592,0.092,194953,0.2289999999999999
03-15-2023,11,OK,9579790,342300,3959560,5250030,180,159996,201672,441845,0.147,231834,0.365
03-15-2023,11,MP,149830,3700,29220,116710,1,545,3391,3734,0.104,759,0.2019999999999999
03-15-2023,11,WI,16199885,457200,5933000,9789085,256,469910,743013,1207070,0.265,580989,0.5710000000000001
03-15-2023,11,OH,31207485,1013900,11172740,18993245,1141,708725,1100608,1735754,0.191,866821,0.424
03-15-2023,11,GA,28353485,869100,10690420,16756465,477,404331,529317,1021261,0.126,455789,0.3
03-15-2023,11,GU,383020,25100,106980,250340,7,7854,11357,14579,0.127,4030,0.251
03-15-2023,11,MI,29131360,967800,11266080,16868180,513,692429,936898,1641942,0.209,802030,0.4539999999999999
03-15-2023,11,PR,8790920,216600,3090520,5481800,252,184509,245642,310699,0.119,158061,0.233
03-15-2023,11,SC,14019895,466700,5683340,7823155,261,227333,281844,561180,0.139,317676,0.3389999999999999
03-15-2023,11,WA,25111855,777800,8904000,15394455,782,651710,1055963,1752978,0.295,685760,0.5670000000000001
03-15-2023,11,US,969633645,31552000,351772040,585085905,23505,19876517,28064532,51094257,0.198,22890311,0.418
03-15-2023,11,CA,119245670,3784800,42533620,72773950,2647,3139041,4162977,7300571,0.238,2743250,0.47
03-15-2023,11,IL,37747725,1185600,12836140,23697185,1264,910486,1437186,2335611,0.237,993653,0.486
03-15-2023,11,VT,2538950,74200,934120,1527730,70,62245,117716,190045,0.373,82961,0.6629999999999999
03-15-2023,11,NE,5395450,152400,1821820,3414730,130,106281,213232,308471,0.212,146678,0.469
03-15-2023,11,MD,22018320,616400,7357380,14009440,861,524537,770375,1317706,0.28,520794,0.5429999999999999
03-15-2023,11,MA,23366810,634100,8864080,13854730,284,664749,795846,1907116,0.344,742533,0.635
03-15-2023,11,NH,5032390,189000,1608580,3230310,87,72759,158680,297456,0.2689999999999999,143386,0.565
03-15-2023,11,TN,16955790,533400,6292520,10112170,785,297679,409807,657131,0.124,340749,0.298
03-15-2023,11,IA,9277605,293100,3470200,5494705,109,221448,350373,580377,0.239,300176,0.5429999999999999
03-15-2023,11,MT,2679685,106500,1064720,1501865,132,62146,86974,158085,0.188,83948,0.407
03-15-2023,11,MS,7175065,235400,2823980,4107885,158,101592,111204,186704,0.0819999999999999,106431,0.2189999999999999
03-15-2023,11,HI,4580780,124900,1744320,2707260,123,143933,160209,287993,0.258,134975,0.503
03-15-2023,11,RI,3473945,90500,1338460,2040585,176,100605,125568,249770,0.292,108250,0.579
03-15-2023,11,WY,1267395,49300,536540,678355,28,25153,32739,61034,0.1369999999999999,33730,0.34
03-15-2023,11,AR,8287210,265400,3404720,4589790,122,138527,151636,309158,0.133,170918,0.326
03-15-2023,11,DC,2716395,73200,932940,1707155,93,59141,84378,203758,0.353,48250,0.552
03-15-2023,11,DD2,7729910,210800,2478640,5004070,118,52361,122722,171741,0.0,34228,0.0
03-15-2023,11,MH,160740,12800,79400,67440,0,2840,963,2815,0.059,233,0.062
03-15-2023,11,VA2,9800820,626900,4841080,4321440,58,294111,271806,836718,0.0,544280,0.0
03-15-2023,11,NM,6088155,190600,2352400,3537455,280,161227,208616,421437,0.26,193212,0.512
03-15-2023,11,UT,8309020,257900,2633700,5408720,359,124933,285865,411247,0.181,161163,0.44
03-15-2023,11,AS,128480,600,25500,102380,0,532,1902,539,0.017,195,0.059
03-15-2023,11,NJ,29176130,1015900,10287580,17832950,936,544247,722726,1385275,0.2,585449,0.397
03-15-2023,11,VI,172060,3400,47540,120820,1,896,1260,3801,0.047,2165,0.106
03-15-2023,11,FL,60683285,2478100,22170300,35976385,2417,1096014,1296118,2333324,0.135,1342588,0.299
03-15-2023,11,PA,42049530,1569500,15612900,24798530,524,738410,1048348,2214721,0.218,1080301,0.451
03-15-2023,11,NV,7622620,260400,2559800,4795720,57,128665,192595,369268,0.155,177191,0.357
03-08-2023,10,AS,128480,600,25500,102380,0,528,1901,532,0.017,191,0.0579999999999999
03-08-2023,10,MA,23268890,633500,8812980,13808910,284,663374,793169,1898185,0.3429999999999999,740178,0.633
03-08-2023,10,IH2,4043225,111800,1682480,2240945,21,47612,64329,144744,0.0,44749,0.0
03-08-2023,10,MT,2675945,106500,1062800,1500145,132,61947,86715,157289,0.187,83623,0.405
03-08-2023,10,VI,172060,3400,47540,120820,1,894,1260,3774,0.046,2155,0.105
03-08-2023,10,KY,11983825,395600,4754400,6822025,320,213475,290800,520773,0.15,267487,0.356
03-08-2023,10,OK,9554530,342300,3946880,5238550,180,159952,201580,441290,0.147,231623,0.365
03-08-2023,10,NC,29771510,959600,10967080,17802430,196,271440,341230,1449709,0.177,686323,0.392
03-08-2023,10,TN,16935420,533400,6277640,10106880,785,297192,408956,654198,0.123,339535,0.297
03-08-2023,10,ME,4870250,159400,1826320,2877530,118,141420,208009,378798,0.346,194214,0.6809999999999999
03-08-2023,10,DC,2709345,73200,930680,1702465,93,58973,83909,202436,0.35,47968,0.5489999999999999
03-08-2023,10,UT,8290440,257900,2630660,5393680,358,124631,284732,408719,0.18,160561,0.439
03-08-2023,10,MO,15425385,441000,5754360,9211725,234,292666,439635,833832,0.175,421203,0.397
03-08-2023,10,SD,2657185,94000,982500,1576385,27,40685,63924,140226,0.21,72810,0.479
03-08-2023,10,IL,37671795,1185600,12806840,23650955,1267,908954,1433261,2328854,0.236,991600,0.485
03-08-2023,10,IA,9200365,293100,3446720,5443145,109,221164,349837,578851,0.238,299582,0.542
03-08-2023,10,US,967430045,31552000,351003220,583678325,23472,19829102,27976130,50821425,0.1969999999999999,22796124,0.416
03-08-2023,10,SC,13962395,466400,5669440,7780555,261,226846,281254,558753,0.138,316608,0.3379999999999999
03-08-2023,10,WI,16160785,457200,5915400,9767585,256,468997,741082,1202275,0.264,579408,0.57
03-08-2023,10,OR,13902985,466700,4957760,8456625,348,315458,545093,838260,0.25,358381,0.4679999999999999
03-08-2023,10,NE,5383310,152400,1817180,3407230,130,106037,212516,306499,0.21,145867,0.467
03-08-2023,10,FM,290500,12800,128940,148760,4,5942,8944,11054,0.166,1068,0.222
03-08-2023,10,NY,60432605,1964500,20964580,37468925,2027,1135901,1593911,3136757,0.203,1349137,0.409
03-08-2023,10,ND,1875990,53600,656220,1163670,7,27948,61338,109009,0.187,55751,0.465
03-08-2023,10,MN,18114520,511500,6115820,11469200,336,469667,889307,1346530,0.311,584435,0.635
03-08-2023,10,NJ,29092215,1015900,10264640,17773775,934,542888,720805,1378471,0.1989999999999999,583097,0.395
03-08-2023,10,DE,3277095,102600,1216700,1953195,92,66378,94239,190905,0.248,99318,0.526
03-08-2023,10,AK,2130145,86200,797220,1241225,63,40835,52640,91890,0.1669999999999999,37959,0.414
03-08-2023,10,AR,8272330,265400,3397720,4582010,122,138173,151301,307868,0.133,170376,0.325
03-08-2023,10,MH,160740,12800,79400,67440,0,2703,795,2222,0.047,184,0.049
03-08-2023,10,KS,8194455,262700,3048740,4861815,260,151245,233570,418016,0.1889999999999999,206431,0.434
03-08-2023,10,VA,26382915,803400,9166300,16383015,923,606995,891105,1615036,0.242,676443,0.498
03-08-2023,10,WV,5432945,172600,2187620,3063225,79,91201,110470,197833,0.138,111995,0.305
03-08-2023,10,ID,4671440,160200,1793480,2702060,100,87875,125077,226722,0.1689999999999999,118203,0.407
03-08-2023,10,MS,7150775,235400,2809960,4097915,157,101035,110475,183883,0.081,104996,0.216
03-08-2023,10,VA2,9797120,626900,4837480,4321440,58,292686,270479,828790,0.0,539700,0.0
03-08-2023,10,NH,5023490,189000,1606940,3223050,87,72111,157218,294260,0.266,142262,0.56
03-08-2023,10,OH,31148485,1014000,11158740,18948445,1138,707469,1097673,1728150,0.19,863615,0.422
03-08-2023,10,WY,1264795,49300,535240,677255,28,25091,32640,60691,0.136,33589,0.3389999999999999
03-08-2023,10,CO,17418215,501900,6085240,10797675,461,415924,715373,1125803,0.25,442272,0.525
03-08-2023,10,GU,383020,25100,106980,250340,7,7827,11320,14441,0.126,4004,0.249
03-08-2023,10,WA,25045245,777800,8876600,15356245,782,650051,1052631,1744562,0.293,683580,0.565
03-08-2023,10,MI,29086810,967800,11243720,16846290,513,691058,934077,1634514,0.208,799402,0.4529999999999999
03-08-2023,10,PW,52330,3800,32200,16330,0,1694,657,1725,0.104,289,0.145
03-08-2023,10,DD2,7725530,210800,2476340,5002490,117,52187,122317,170457,0.0,34049,0.0
03-08-2023,10,CA,119040795,3785200,42471080,72633915,2646,3130942,4149914,7259013,0.237,2731469,0.4679999999999999
03-08-2023,10,LA,10165280,330500,4103180,5722800,177,157310,211068,330916,0.093,175699,0.237
03-08-2023,10,BP2,416990,16200,183920,216870,3,2634,6152,9767,0.0,676,0.0
03-08-2023,10,GA,28295945,869100,10672600,16716945,477,403248,527444,1015191,0.125,453517,0.299
03-08-2023,10,IN,18592460,634000,6264600,11683860,496,265435,455352,679616,0.132,347346,0.32
03-08-2023,10,RI,3472905,90600,1340500,2037405,176,100413,125226,248789,0.291,107936,0.5770000000000001
03-08-2023,10,MP,148970,3700,29220,115850,1,543,3361,3678,0.102,748,0.1989999999999999
03-08-2023,10,FL,60545725,2477700,22121620,35888605,2407,1091652,1289529,2307941,0.134,1331118,0.296
03-08-2023,10,PR,8782780,216600,3085420,5478960,252,183699,244433,306854,0.1169999999999999,156278,0.23
03-08-2023,10,TX,79465815,2667600,28129440,48564175,109,1202709,1474419,2868516,0.133,1204558,0.3229999999999999
03-08-2023,10,HI,4571130,124900,1741820,2700310,123,143022,159279,284307,0.255,133376,0.497
03-08-2023,10,NV,7604280,260400,2554500,4782980,57,128313,192051,366847,0.154,176335,0.356
03-08-2023,10,VT,2530520,74200,931420,1522300,69,62107,117324,189156,0.371,82650,0.6609999999999999
03-08-2023,10,AZ,19577130,621000,7246020,11689910,1136,413394,580172,1016515,0.18,499187,0.381
03-08-2023,10,NM,6077815,190600,2345200,3534515,278,160931,208108,419656,0.259,192579,0.51
03-08-2023,10,AL,12189540,402500,5219060,6544980,333,163897,176801,350737,0.092,194068,0.228
03-08-2023,10,PA,41992805,1569200,15606620,24751585,521,736921,1045529,2205438,0.217,1076480,0.45
03-08-2023,10,CT,11729065,355100,4530880,6833785,119,308812,388810,829448,0.292,370833,0.588
03-08-2023,10,MD,21946020,616400,7339160,13956460,861,523677,768380,1311986,0.278,519032,0.541
03-01-2023,9,VI,171860,3400,47440,120720,1,893,1260,3740,0.046,2140,0.105
03-01-2023,9,TX,79320505,2667600,28078040,48473665,109,1199266,1468979,2846648,0.132,1197878,0.321
03-01-2023,9,HI,4559710,124900,1738820,2692090,123,142720,158835,282791,0.253,132966,0.495
03-01-2023,9,AS,128480,600,25500,102380,0,528,1894,520,0.017,190,0.0579999999999999
03-01-2023,9,PW,52330,3800,32200,16330,0,1681,644,1686,0.102,281,0.141
03-01-2023,9,NH,5011340,189000,1602340,3215500,87,72082,157204,293956,0.266,142087,0.56
03-01-2023,9,DE,3270435,102600,1214800,1948835,92,66258,93998,190049,0.247,98992,0.524
03-01-2023,9,NC,29716450,959600,10949980,17765970,196,270773,339976,1441812,0.176,683426,0.39
03-01-2023,9,US,965128255,31551500,350174620,582254535,23433,19782831,27889604,50544428,0.196,22700520,0.414
03-01-2023,9,IH2,4030585,111700,1674280,2236805,21,47376,63929,143251,0.0,44413,0.0
03-01-2023,9,FL,60434435,2477700,22088820,35812315,2401,1089208,1286052,2293833,0.133,1324564,0.295
03-01-2023,9,TN,16911920,533400,6271440,10090780,785,296669,407987,651079,0.122,338158,0.296
03-01-2023,9,AL,12169370,402500,5210660,6533610,332,163453,176325,348730,0.091,193096,0.2269999999999999
03-01-2023,9,WI,16124215,457200,5895800,9751615,256,467829,738429,1195552,0.262,577033,0.5670000000000001
03-01-2023,9,KS,8177005,262700,3043640,4849665,260,150886,232958,416238,0.188,205698,0.433
03-01-2023,9,LA,10154720,330500,4100380,5715340,177,156915,210395,328722,0.092,174691,0.236
03-01-2023,9,VA2,9778360,626900,4828780,4312080,58,291208,269057,820268,0.0,534770,0.0
03-01-2023,9,IN,18543090,634000,6256900,11642690,495,264685,453537,674636,0.131,345445,0.318
03-01-2023,9,PR,8775490,216600,3083520,5473670,252,182865,243387,303448,0.1159999999999999,154694,0.228
03-01-2023,9,KY,11956485,395600,4747500,6802085,320,213217,290198,518873,0.15,266650,0.355
03-01-2023,9,MT,2672245,106500,1061600,1497745,132,61930,86705,157204,0.187,83583,0.405
03-01-2023,9,ND,1870480,53600,655320,1159060,7,27873,61096,108419,0.186,55601,0.4639999999999999
03-01-2023,9,BP2,416290,16200,183220,216870,3,2633,6085,9578,0.0,667,0.0
03-01-2023,9,NY,60285275,1964500,20914880,37373395,2026,1133135,1589180,3121698,0.2019999999999999,1343723,0.408
03-01-2023,9,DD2,7719170,210800,2471340,5001630,117,51905,121832,167861,0.0,33078,0.0
03-01-2023,9,CO,17382945,501900,6073040,10775505,459,415093,712648,1119491,0.249,440526,0.523
03-01-2023,9,VA,26338235,803400,9153800,16351635,921,605695,888355,1607193,0.241,673793,0.496
03-01-2023,9,MN,18049700,511500,6090920,11430580,335,468628,886116,1339700,0.309,582634,0.633
03-01-2023,9,VT,2523840,74200,929420,1517720,69,61938,116925,188316,0.369,82385,0.659
03-01-2023,9,DC,2696165,73200,929180,1690785,93,58807,83623,201457,0.349,47743,0.547
03-01-2023,9,AR,8257310,265400,3395420,4569790,122,137931,150879,306426,0.132,169736,0.324
03-01-2023,9,UT,8275060,257900,2627460,5382000,358,124427,283938,406934,0.179,160123,0.4379999999999999
03-01-2023,9,RI,3467355,90600,1339100,2033255,176,100223,124873,247803,0.29,107646,0.5760000000000001
03-01-2023,9,MP,148970,3700,29220,115850,1,535,3301,3601,0.1,740,0.1969999999999999
03-01-2023,9,AK,2125955,86200,795620,1238735,63,40740,52428,91331,0.166,37782,0.413
03-01-2023,9,MO,15389095,441000,5747760,9182735,234,292109,438181,829278,0.174,419296,0.395
03-01-2023,9,MD,21892760,616400,7324460,13919400,856,522767,766479,1306420,0.2769999999999999,517382,0.539
03-01-2023,9,WA,24946135,777800,8832000,15303435,781,648106,1048736,1735761,0.292,681158,0.563
03-01-2023,9,NE,5371260,152400,1815380,3397380,130,105787,211739,304689,0.209,145194,0.465
03-01-2023,9,WY,1263125,49300,534540,676285,28,25025,32549,60354,0.136,33442,0.337
03-01-2023,9,FM,290500,12800,128940,148760,4,5942,8768,10861,0.163,1051,0.218
03-01-2023,9,AZ,19541930,621000,7237320,11664010,1133,412382,578609,1009896,0.179,497032,0.38
03-01-2023,9,PA,41867655,1569200,15563320,24673535,518,735090,1042355,2194555,0.216,1071931,0.4479999999999999
03-01-2023,9,IA,9193505,293100,3443920,5439285,109,220692,348772,576074,0.237,298546,0.54
03-01-2023,9,CT,11702715,355100,4523680,6814935,119,308310,387790,825954,0.291,369768,0.5870000000000001
03-01-2023,9,NM,6067555,190600,2342800,3526855,278,160641,207615,417843,0.258,192033,0.509
03-01-2023,9,IL,37593325,1185600,12784140,23595885,1262,906764,1428866,2318581,0.235,988114,0.484
03-01-2023,9,ID,4663090,160200,1788980,2698310,100,87656,124783,225666,0.1689999999999999,117842,0.405
03-01-2023,9,MH,160240,12800,78900,67440,0,2703,795,2222,0.047,184,0.049
03-01-2023,9,ME,4853250,159400,1820820,2866530,118,141059,207354,376882,0.344,193436,0.6779999999999999
03-01-2023,9,OK,9531590,342300,3934680,5230110,180,159490,201000,438795,0.146,230571,0.363
03-01-2023,9,NV,7590780,260400,2551000,4773380,57,127974,191636,364677,0.153,175616,0.354
03-01-2023,9,WV,5419485,172600,2182520,3055465,79,91071,110325,197150,0.138,111666,0.304
03-01-2023,9,CA,118694355,3784900,42295980,72470975,2646,3123148,4136820,7211077,0.236,2717090,0.465
03-01-2023,9,SD,2647975,94000,981100,1568875,27,40644,63855,139946,0.21,72716,0.479
03-01-2023,9,GU,383020,25100,106980,250340,7,7822,11320,14416,0.126,3998,0.249
03-01-2023,9,SC,13929905,466400,5659040,7759065,261,226208,280480,555612,0.138,315193,0.336
03-01-2023,9,NJ,29028255,1015900,10247040,17728815,931,541715,718816,1370815,0.1969999999999999,580217,0.3929999999999999
03-01-2023,9,OH,31076535,1014000,11139740,18896495,1135,705789,1094608,1719681,0.1889999999999999,860236,0.42
03-01-2023,9,MS,7134145,235400,2803060,4088485,157,101002,110451,183695,0.081,104920,0.216
03-01-2023,9,OR,13858265,466700,4936960,8433805,348,314700,542837,832939,0.249,356868,0.466
03-01-2023,9,MA,23201200,633500,8791980,13763120,284,662059,790742,1889957,0.341,737954,0.631
03-01-2023,9,GA,28231425,869100,10647300,16678225,476,402167,525479,1008881,0.124,451128,0.297
03-01-2023,9,MI,28958700,967600,11182320,16782180,512,689784,931335,1627430,0.208,796955,0.451
02-22-2023,8,DD2,7712830,210800,2470140,4997390,117,51744,121466,166709,0.0,32936,0.0
02-22-2023,8,SC,13891995,466400,5645240,7735455,261,225486,279653,552193,0.1369999999999999,313542,0.335
02-22-2023,8,WV,5407555,172600,2178320,3048135,79,90916,110134,196369,0.1369999999999999,111303,0.303
02-22-2023,8,SD,2642415,94000,979700,1565015,27,40453,63424,138495,0.207,72224,0.476
02-22-2023,8,MT,2668655,106500,1060200,1495655,132,61596,86098,155483,0.185,82873,0.401
02-22-2023,8,VI,171860,3400,47440,120720,1,893,1260,3710,0.046,2130,0.104
02-22-2023,8,UT,8258190,257900,2624160,5368630,357,124191,283138,405117,0.178,159666,0.436
02-22-2023,8,NC,29631490,959600,10926580,17706010,196,270019,338751,1433741,0.175,680257,0.3879999999999999
02-22-2023,8,AK,2120875,86200,793620,1235755,63,40646,52278,90912,0.165,37650,0.411
02-22-2023,8,OK,9515410,341800,3927580,5222330,180,158995,200358,435948,0.145,229345,0.361
02-22-2023,8,GA,28158985,869100,10623400,16630085,476,400702,523478,1001954,0.123,448612,0.296
02-22-2023,8,ND,1865880,53600,654720,1155260,7,27803,60816,107759,0.185,55425,0.462
02-22-2023,8,DE,3261575,102600,1210500,1944475,92,66158,93775,189260,0.246,98717,0.523
02-22-2023,8,RI,3462395,90600,1335700,2031995,176,99973,124545,246725,0.289,107285,0.574
02-22-2023,8,MN,18012770,511500,6090920,11393650,335,467686,883444,1333862,0.308,581123,0.631
02-22-2023,8,MH,159440,12800,78900,66640,0,2703,795,2222,0.047,184,0.049
02-22-2023,8,IL,37506915,1185600,12760840,23533475,1263,903895,1423078,2304469,0.2339999999999999,983430,0.481
02-22-2023,8,WA,24883135,777800,8815700,15257235,780,646409,1045379,1727183,0.29,678960,0.561
02-22-2023,8,MS,7119815,235300,2795760,4081655,157,100596,109985,181789,0.08,103970,0.214
02-22-2023,8,AZ,19497420,621000,7223820,11633200,1122,411327,577109,1004390,0.178,495156,0.3779999999999999
02-22-2023,8,DC,2690335,73200,927380,1686855,93,58731,83450,200907,0.348,47590,0.545
02-22-2023,8,IA,9185815,293100,3441320,5434395,107,220154,347696,573158,0.236,297419,0.5379999999999999
02-22-2023,8,LA,10141420,330300,4094680,5707940,177,156419,209744,326348,0.092,173509,0.2339999999999999
02-22-2023,8,NV,7578600,260400,2546100,4766200,57,127591,191112,362186,0.152,174765,0.352
02-22-2023,8,OR,13837015,466700,4929960,8419755,348,314007,541104,828780,0.247,355580,0.4639999999999999
02-22-2023,8,GU,377620,24900,105380,246740,7,7821,11318,14401,0.126,3994,0.249
02-22-2023,8,VA,26276965,803400,9133400,16311565,921,605626,888198,1606170,0.241,673466,0.496
02-22-2023,8,IN,18492990,634000,6244800,11605290,494,263926,451557,669674,0.13,343537,0.316
02-22-2023,8,TX,79138245,2665300,28016240,48359205,108,1195601,1463052,2824057,0.131,1190567,0.319
02-22-2023,8,NE,5360300,152400,1810880,3391020,130,105627,210932,302984,0.208,144517,0.4629999999999999
02-22-2023,8,MP,148030,3700,29220,114910,1,535,3245,3519,0.098,714,0.19
02-22-2023,8,AR,8228410,265100,3379420,4558290,122,137692,150482,304863,0.132,169075,0.3229999999999999
02-22-2023,8,VA2,9773260,626900,4823780,4312080,58,289566,267569,811291,0.0,529477,0.0
02-22-2023,8,CT,11677565,355100,4514680,6799185,119,307696,386789,822200,0.29,368508,0.585
02-22-2023,8,BP2,415490,16200,182420,216870,3,2632,6085,9577,0.0,667,0.0
02-22-2023,8,NJ,28955715,1015900,10220240,17684675,931,540299,716794,1362872,0.196,577296,0.391
02-22-2023,8,FL,60336425,2477400,22050420,35753905,2401,1088957,1285865,2292622,0.133,1323989,0.294
02-22-2023,8,MI,28917130,967600,11182320,16740610,512,688589,928775,1620796,0.207,794598,0.45
02-22-2023,8,PA,41739215,1569200,15502820,24610095,516,733019,1039038,2182564,0.215,1066682,0.446
02-22-2023,8,PW,52330,3800,32200,16330,0,1681,644,1686,0.102,281,0.141
02-22-2023,8,AS,128480,600,25500,102380,0,528,1890,507,0.016,188,0.057
02-22-2023,8,MO,15362075,441000,5737760,9166015,234,291339,436913,824417,0.173,417282,0.3929999999999999
02-22-2023,8,PR,8768220,216600,3081420,5468500,252,181992,242040,299391,0.114,152745,0.225
02-22-2023,8,ID,4655910,160200,1785680,2694530,100,87429,124418,224506,0.168,117402,0.4039999999999999
02-22-2023,8,KY,11920095,395600,4736700,6776795,320,212681,289278,515872,0.149,265316,0.353
02-22-2023,8,KS,8166065,262700,3040040,4842725,255,150137,231867,413048,0.187,204233,0.43
02-22-2023,8,CO,17340235,501900,6060640,10749595,458,414372,709946,1114041,0.248,439035,0.521
02-22-2023,8,US,963131415,31547200,349537120,580931295,23398,19733825,27800120,50271843,0.195,22606262,0.413
02-22-2023,8,OH,30983555,1013900,11106940,18837615,1132,704139,1091376,1710890,0.188,856608,0.419
02-22-2023,8,IH2,4023345,111700,1672380,2231465,21,47195,63506,141736,0.0,44030,0.0
02-22-2023,8,VT,2516820,74200,926520,1513600,69,61799,116491,187377,0.367,82124,0.657
02-22-2023,8,TN,16881500,533300,6260140,10072060,785,296113,407103,647908,0.122,336824,0.295
02-22-2023,8,ME,4845030,159400,1817620,2861610,118,140728,206720,375261,0.3429999999999999,192895,0.6759999999999999
02-22-2023,8,NM,6047345,190600,2338600,3511145,278,160325,207163,415968,0.257,191401,0.507
02-22-2023,8,MA,23152420,633400,8775580,13731440,284,660584,788012,1880458,0.3389999999999999,735646,0.629
02-22-2023,8,FM,288900,12800,128640,147460,4,5942,8767,10861,0.163,1051,0.218
02-22-2023,8,CA,118576495,3784900,42287680,72361415,2640,3112808,4119181,7162104,0.2339999999999999,2702903,0.4629999999999999
02-22-2023,8,NY,60163375,1964400,20863780,37303395,2024,1130297,1583940,3106153,0.201,1338009,0.406
02-22-2023,8,AL,12147150,402500,5198360,6523790,332,162930,175715,346235,0.091,191814,0.226
02-22-2023,8,WY,1262125,49300,534140,675885,28,24996,32515,60186,0.135,33381,0.337
02-22-2023,8,WI,16105275,457200,5895800,9732675,256,466970,735863,1189679,0.261,575153,0.565
02-22-2023,8,HI,4550260,124900,1734820,2686740,123,142366,158377,281144,0.252,132451,0.493
02-22-2023,8,NH,4995700,189000,1596140,3206060,87,71913,156587,292465,0.265,141586,0.5579999999999999
02-22-2023,8,MD,21829280,616400,7305760,13876420,856,521765,764384,1300430,0.276,515515,0.537
02-15-2023,7,PR,8763070,216600,3078420,5466350,252,181265,240750,295781,0.113,151049,0.222
02-15-2023,7,NY,60037435,1962100,20823780,37221355,2019,1127016,1578592,3088878,0.2,1331237,0.4039999999999999
02-15-2023,7,CT,11656515,354900,4506380,6786635,119,307051,385585,818121,0.288,367199,0.583
02-15-2023,7,GU,376920,24900,104880,246740,7,7777,11248,14124,0.123,3918,0.244
02-15-2023,7,DC,2683615,73100,925080,1682635,93,58153,82643,197808,0.342,46868,0.537
02-15-2023,7,MP,147830,3700,29020,114910,1,534,3183,3417,0.095,700,0.186
02-15-2023,7,OK,9494750,341400,3917280,5212770,180,158499,199756,433310,0.144,228133,0.359
02-15-2023,7,OR,13807475,466700,4925460,8394815,348,313106,538500,822613,0.245,353768,0.462
02-15-2023,7,VT,2510880,74200,924920,1509260,69,61639,115970,186217,0.365,81771,0.654
02-15-2023,7,CA,118342075,3783500,42212680,72206595,2637,3103669,4104657,7114966,0.2319999999999999,2688616,0.461
02-15-2023,7,MH,159440,12800,78900,66640,0,2537,676,1666,0.035,141,0.038
02-15-2023,7,WI,16070585,456900,5887900,9706685,256,465742,732807,1182150,0.259,572613,0.563
02-15-2023,7,RI,3455905,90600,1334000,2027205,176,99727,124172,245634,0.287,106935,0.5720000000000001
02-15-2023,7,SD,2635925,93900,977200,1561225,27,40410,63319,138150,0.207,72125,0.475
02-15-2023,7,AL,12126780,402400,5193660,6508420,332,162471,175198,344035,0.09,190741,0.2239999999999999
02-15-2023,7,KS,8149165,262600,3033340,4833025,255,150110,231823,412777,0.187,204145,0.429
02-15-2023,7,KY,11891255,394900,4725200,6760455,319,212210,288483,512950,0.148,264048,0.352
02-15-2023,7,MD,21782440,616300,7294260,13841680,854,520684,762097,1293962,0.275,513544,0.535
02-15-2023,7,VI,171100,3400,47140,120360,1,892,1260,3646,0.045,2096,0.102
02-15-2023,7,WA,24814965,777700,8800200,15205165,779,644579,1041729,1717729,0.289,676342,0.5589999999999999
02-15-2023,7,VA2,9761340,626900,4818980,4305060,58,287988,266252,802896,0.0,524465,0.0
02-15-2023,7,TX,78984595,2664400,27978840,48245755,108,1191685,1456855,2800823,0.13,1183168,0.317
02-15-2023,7,MS,7107765,235200,2791560,4074005,155,99901,109026,178299,0.078,102176,0.21
02-15-2023,7,HI,4538240,124900,1730420,2679120,123,142003,157942,279535,0.25,131930,0.491
02-15-2023,7,CO,17295735,501800,6051140,10715095,454,413500,707170,1108099,0.246,437453,0.519
02-15-2023,7,NJ,28902275,1014500,10198040,17655435,928,538696,714602,1354418,0.195,574237,0.389
02-15-2023,7,MT,2664775,106500,1058600,1493575,132,61568,86086,155367,0.185,82815,0.401
02-15-2023,7,DE,3255815,102600,1208800,1940515,92,66033,93491,188319,0.245,98316,0.52
02-15-2023,7,MA,23096880,633300,8760580,13691200,284,658999,785391,1870704,0.3379999999999999,732780,0.627
02-15-2023,7,US,961155285,31529100,348919820,579613165,23325,19673440,27693792,49932850,0.193,22485711,0.41
02-15-2023,7,ME,4833600,159400,1814720,2853280,117,140320,205925,372987,0.341,191972,0.6729999999999999
02-15-2023,7,PA,41617455,1567400,15464620,24529635,514,729959,1034108,2162875,0.213,1059079,0.4429999999999999
02-15-2023,7,VA,26217475,803200,9116700,16269375,919,604160,885375,1597725,0.239,670551,0.493
02-15-2023,7,PW,51750,3800,32000,15950,0,1681,644,1686,0.102,281,0.141
02-15-2023,7,IN,18434890,633400,6232200,11560590,486,261199,445581,654351,0.127,337323,0.311
02-15-2023,7,OH,30915145,1013500,11087740,18789405,1128,702448,1087903,1701445,0.187,852671,0.417
02-15-2023,7,NC,29585300,958900,10904580,17683420,195,269307,337389,1424936,0.174,676866,0.387
02-15-2023,7,MI,28860570,967200,11166420,16700950,512,686904,925682,1612068,0.206,791421,0.4479999999999999
02-15-2023,7,UT,8244930,257800,2621260,5358770,357,123765,281808,402084,0.177,158793,0.434
02-15-2023,7,LA,10127080,330300,4091180,5697200,177,155597,208555,322306,0.091,171625,0.2319999999999999
02-15-2023,7,FL,60219855,2474900,22003420,35688035,2394,1085270,1281414,2273691,0.132,1315089,0.292
02-15-2023,7,AK,2116435,86200,792920,1232215,63,40460,52005,90007,0.163,37354,0.408
02-15-2023,7,MO,15334815,440800,5728660,9149255,234,290644,435675,820182,0.172,415413,0.391
02-15-2023,7,WV,5398595,172300,2174620,3043275,79,90590,109879,195052,0.136,110738,0.302
02-15-2023,7,NM,6039845,190600,2334400,3508045,278,160058,206619,414199,0.256,190837,0.505
02-15-2023,7,AS,128480,600,25500,102380,0,526,1887,498,0.016,182,0.0559999999999999
02-15-2023,7,NH,4988630,189000,1594340,3200890,87,71695,155885,290594,0.263,140912,0.555
02-15-2023,7,DD2,7702450,210800,2468340,4989010,115,51466,120886,164996,0.0,32713,0.0
02-15-2023,7,MN,17956630,511500,6077220,11351310,335,466292,879396,1324689,0.305,578386,0.628
02-15-2023,7,ID,4645980,160200,1780880,2689400,100,87173,124020,223242,0.1669999999999999,116933,0.402
02-15-2023,7,AR,8213520,265000,3376520,4546400,122,137251,150060,302977,0.131,168166,0.321
02-15-2023,7,BP2,414850,16200,182320,216330,3,2630,6024,9433,0.0,655,0.0
02-15-2023,7,ND,1862670,53600,654220,1152550,7,27700,60493,106940,0.184,55149,0.46
02-15-2023,7,NE,5348540,152300,1807980,3382360,130,105408,210249,301283,0.207,143889,0.461
02-15-2023,7,NV,7569160,260300,2542800,4760160,57,127254,190666,359994,0.151,173910,0.351
02-15-2023,7,IL,37440365,1185200,12740640,23487925,1261,900809,1416667,2289726,0.2319999999999999,979102,0.479
02-15-2023,7,SC,13867225,466300,5629940,7726985,261,224734,278831,548777,0.136,311939,0.3329999999999999
02-15-2023,7,WY,1259465,49300,533040,674325,28,24777,32261,59213,0.133,32930,0.332
02-15-2023,7,FM,288900,12800,128640,147460,3,5942,8605,10662,0.16,1037,0.216
02-15-2023,7,AZ,19452760,620800,7210720,11602740,1103,409535,574697,994764,0.176,492142,0.376
02-15-2023,7,TN,16851290,533000,6249840,10052850,783,295530,406202,644718,0.121,335430,0.293
02-15-2023,7,GA,28111785,868000,10601900,16605785,473,399061,521299,994148,0.123,445623,0.294
02-15-2023,7,IA,9173835,293100,3438220,5425615,107,219757,346800,570763,0.235,296535,0.536
02-15-2023,7,IH2,4013315,111700,1667480,2226635,21,46999,63048,140296,0.0,43670,0.0
02-08-2023,6,WV,5382375,172100,2166520,3035555,79,90334,109608,193928,0.135,110196,0.3
02-08-2023,6,DD2,7690990,210800,2464540,4981350,111,51143,120192,163012,0.0,32447,0.0
02-08-2023,6,ME,4820560,158700,1809920,2846240,117,139857,204990,370581,0.3379999999999999,191091,0.67
02-08-2023,6,OR,13765825,466700,4909260,8369665,348,312019,535442,815308,0.243,351505,0.4589999999999999
02-08-2023,6,GA,28050835,866300,10577800,16570635,473,397413,518638,985570,0.121,442408,0.292
02-08-2023,6,US,958658535,31502000,348034020,578036915,22966,19597689,27561281,49517996,0.192,22330113,0.408
02-08-2023,6,VA,26151355,803000,9096700,16224155,916,602332,881739,1587360,0.238,666897,0.491
02-08-2023,6,MA,23037230,633000,8739780,13652650,284,656887,781686,1858194,0.335,729447,0.624
02-08-2023,6,AR,8191640,264600,3362920,4538920,122,136874,149615,301148,0.13,167374,0.319
02-08-2023,6,VI,170640,3300,47140,120000,1,892,1259,3610,0.044,2077,0.1009999999999999
02-08-2023,6,NM,6028745,190500,2330400,3501045,278,159651,206025,411724,0.254,189980,0.503
02-08-2023,6,DE,3242355,102500,1207300,1928655,92,65875,93156,187111,0.243,97793,0.518
02-08-2023,6,GU,376920,24900,104880,246740,7,7712,11140,13751,0.12,3821,0.238
02-08-2023,6,PR,8755770,216600,3075520,5461950,252,179094,237565,286859,0.109,146604,0.216
02-08-2023,6,UT,8227520,257400,2616660,5346360,357,123366,280609,399467,0.176,157910,0.432
02-08-2023,6,KS,8127525,262600,3026240,4818485,254,149652,231147,410626,0.186,203245,0.427
02-08-2023,6,ND,1857430,53600,651620,1149910,7,27590,60107,105994,0.182,54804,0.457
02-08-2023,6,SD,2626035,93800,975100,1553635,27,40223,62925,136802,0.205,71685,0.472
02-08-2023,6,MO,15295475,440100,5715660,9123615,233,289843,434174,814932,0.171,413074,0.389
02-08-2023,6,MN,17900210,511300,6061720,11310690,335,464633,875006,1314742,0.303,575321,0.625
02-08-2023,6,IL,37368455,1184200,12720040,23437715,1247,896183,1408094,2272997,0.231,973483,0.476
02-08-2023,6,IA,9069595,292700,3398620,5361375,107,218987,345588,567167,0.2339999999999999,295155,0.534
02-08-2023,6,MD,21731990,616300,7279060,13806630,850,519177,759487,1286049,0.273,510895,0.5329999999999999
02-08-2023,6,TN,16821850,532600,6236540,10037210,782,293844,403816,636308,0.12,331722,0.29
02-08-2023,6,MP,147730,3700,29020,114810,1,533,3119,3298,0.091,686,0.183
02-08-2023,6,MT,2657575,106500,1055000,1489975,132,61338,85399,153499,0.183,81884,0.397
02-08-2023,6,CO,17241605,501300,6036140,10676565,453,412398,703616,1100200,0.245,435269,0.517
02-08-2023,6,HI,4529560,124900,1727120,2673840,122,141642,157452,277617,0.249,131188,0.489
02-08-2023,6,KY,11849915,394200,4709600,6735415,319,211497,287433,509330,0.147,262534,0.35
02-08-2023,6,OK,9474790,340500,3908780,5202210,178,158021,199058,430578,0.143,226944,0.357
02-08-2023,6,TX,78742415,2663800,27886440,48097775,106,1187262,1450367,2774965,0.128,1174671,0.315
02-08-2023,6,ID,4637950,160100,1776580,2685770,100,86881,123556,221865,0.166,116423,0.401
02-08-2023,6,LA,10109460,330200,4081980,5688880,177,154655,206890,316936,0.089,169048,0.228
02-08-2023,6,RI,3451595,90600,1331500,2025495,174,99314,123513,243755,0.285,106345,0.569
02-08-2023,6,FM,288700,12800,128640,147260,3,5942,8271,10239,0.153,987,0.205
02-08-2023,6,NE,5331260,152300,1802680,3370480,129,105073,209218,298839,0.205,143017,0.4579999999999999
02-08-2023,6,WA,24711185,777200,8766200,15136285,778,642226,1037120,1705689,0.287,672912,0.556
02-08-2023,6,VA2,9744220,626900,4809780,4297140,58,285876,264406,791768,0.0,517794,0.0
02-08-2023,6,AS,128480,600,25500,102380,0,523,1884,487,0.016,182,0.0559999999999999
02-08-2023,6,NV,7549720,260300,2535400,4748120,57,126872,190178,357498,0.15,172991,0.349
02-08-2023,6,VT,2501060,74200,922420,1502240,68,61490,115531,185227,0.363,81479,0.652
02-08-2023,6,WY,1257355,49300,531840,673415,28,24753,32238,59090,0.133,32876,0.331
02-08-2023,6,FL,60096595,2471700,21957420,35614175,2371,1076977,1269144,2225869,0.129,1292044,0.287
02-08-2023,6,NH,4973820,188900,1591140,3189380,86,71514,155376,289379,0.262,140514,0.5539999999999999
02-08-2023,6,AK,2107875,86200,790220,1226455,63,40302,51749,89298,0.162,37134,0.405
02-08-2023,6,OH,30818895,1012800,11065740,18716255,1125,700156,1083577,1689559,0.185,847392,0.414
02-08-2023,6,SC,13835625,465900,5618840,7707485,261,223823,277855,544531,0.135,310040,0.331
02-08-2023,6,NJ,28830045,1012100,10173140,17610505,928,536645,711730,1343763,0.1939999999999999,570098,0.386
02-08-2023,6,MH,158740,12800,78200,66640,0,2537,676,1666,0.035,141,0.038
02-08-2023,6,IH2,4000045,111600,1662280,2218765,21,46726,62458,138357,0.0,43183,0.0
02-08-2023,6,AL,12099240,402300,5180960,6493680,332,161795,174418,340890,0.089,189218,0.223
02-08-2023,6,CT,11633855,354500,4496880,6773975,119,306312,384188,813537,0.287,365700,0.58
02-08-2023,6,CA,118110955,3781500,42119980,72070675,2634,3091555,4085291,7052653,0.23,2669518,0.457
02-08-2023,6,NC,29534470,957500,10878680,17659990,195,268411,335636,1414103,0.173,672553,0.384
02-08-2023,6,PA,41489935,1566200,15425020,24442915,512,727387,1029712,2147685,0.211,1051827,0.439
02-08-2023,6,DC,2675145,73000,922880,1676465,93,58028,82427,197064,0.341,46704,0.535
02-08-2023,6,WI,16030215,456700,5869700,9684715,256,464314,729349,1173516,0.258,569469,0.56
02-08-2023,6,MS,7090765,234700,2783460,4065605,155,99705,108822,177397,0.078,101739,0.209
02-08-2023,6,IN,18377490,632600,6220300,11515890,483,260345,443737,649165,0.126,335197,0.309
02-08-2023,6,PW,51650,3800,32000,15850,0,1681,644,1686,0.102,281,0.141
02-08-2023,6,AZ,19400730,620300,7193420,11568610,819,408203,572463,987264,0.175,489436,0.374
02-08-2023,6,BP2,413630,16200,181820,215610,3,2627,5858,9006,0.0,642,0.0
02-08-2023,6,MI,28769660,965800,11141820,16636240,512,685128,922036,1602430,0.204,787708,0.446
02-08-2023,6,NY,59888035,1960800,20765680,37131655,2016,1122890,1571650,3067212,0.1989999999999999,1323072,0.401
02-01-2023,5,VT,2494090,74200,920320,1497370,68,61304,114855,183510,0.36,80809,0.6459999999999999
02-01-2023,5,WI,15990835,456700,5859700,9655335,255,462633,725466,1163715,0.255,565951,0.556
02-01-2023,5,MI,28696810,965400,11115320,16590390,512,682632,917688,1590047,0.203,783007,0.444
02-01-2023,5,AL,12069210,402300,5165260,6479350,330,161272,173535,337596,0.088,187525,0.221
02-01-2023,5,LA,10089520,330100,4076780,5674240,177,154238,206269,314715,0.088,168019,0.2269999999999999
02-01-2023,5,MO,15258265,439800,5705360,9097005,233,288905,432484,808897,0.17,410417,0.386
02-01-2023,5,MH,158740,12800,78200,66640,0,2494,660,1511,0.032,129,0.035
02-01-2023,5,MP,146770,3700,29020,113850,1,532,3064,3207,0.089,674,0.18
02-01-2023,5,IA,9059255,292700,3394920,5354735,107,218090,344056,562711,0.2319999999999999,293411,0.531
02-01-2023,5,IN,18323790,631400,6203800,11480190,481,259475,441231,641677,0.124,332921,0.307
02-01-2023,5,IH2,3987985,111500,1655380,2213705,21,46304,61893,136136,0.0,42679,0.0
02-01-2023,5,OK,9458400,339700,3901480,5193920,178,157368,198369,427430,0.142,225520,0.355
02-01-2023,5,GU,375720,24700,104280,246340,7,7643,11003,13282,0.1159999999999999,3719,0.2319999999999999
02-01-2023,5,RI,3431815,90600,1324300,2012915,174,98914,122946,241962,0.283,105801,0.5660000000000001
02-01-2023,5,KY,11810995,393500,4699200,6707695,319,210685,286040,504655,0.146,260523,0.347
02-01-2023,5,OH,30741715,1012000,11040840,18664875,1121,697431,1078704,1676112,0.184,841830,0.411
02-01-2023,5,TN,16782660,531300,6223140,10012820,782,293758,403790,635933,0.12,331561,0.29
02-01-2023,5,PA,41376205,1566200,15386020,24368185,507,724407,1023816,2129205,0.209,1043212,0.436
02-01-2023,5,NV,7534780,260300,2532600,4735980,57,126372,189462,354242,0.148,171735,0.346
02-01-2023,5,VI,170440,3200,47040,120000,1,890,1258,3494,0.043,2004,0.098
02-01-2023,5,MD,21683380,616200,7267260,13770020,847,517554,756412,1276739,0.271,507968,0.529
02-01-2023,5,NE,5319600,152200,1798180,3363420,129,104767,208125,296325,0.203,142079,0.455
02-01-2023,5,CT,11604445,353800,4487880,6754265,119,305252,382398,807076,0.284,363745,0.5770000000000001
02-01-2023,5,NM,6009775,190500,2325700,3486775,275,159122,205174,408615,0.252,188976,0.5
02-01-2023,5,AR,8173760,264200,3355620,4528740,122,136551,149260,299643,0.129,166729,0.318
02-01-2023,5,MT,2650865,106500,1051500,1486765,132,61127,85084,152442,0.181,81451,0.395
02-01-2023,5,WY,1254395,49300,530340,671955,28,24731,32221,58980,0.133,32840,0.331
02-01-2023,5,CA,117816105,3781000,42016680,71880125,2629,3080918,4067615,6988597,0.228,2649435,0.4539999999999999
02-01-2023,5,CO,17177445,501000,6018840,10630205,447,410962,699603,1091239,0.243,432899,0.514
02-01-2023,5,NC,29468990,956500,10858180,17616210,195,267269,333798,1401637,0.171,667679,0.381
02-01-2023,5,NH,4958490,188800,1587640,3177650,85,71128,154399,286145,0.259,138879,0.547
02-01-2023,5,AS,128480,600,25500,102380,0,523,1868,467,0.015,175,0.053
02-01-2023,5,ND,1850760,53600,651420,1143440,7,27455,59721,105053,0.181,54466,0.4539999999999999
02-01-2023,5,IL,37235875,1183100,12681340,23345035,1243,891792,1398969,2250214,0.228,965564,0.473
02-01-2023,5,PW,51600,3800,32000,15800,0,1655,590,1577,0.095,242,0.121
02-01-2023,5,DE,3231895,102300,1204600,1921095,92,65589,92716,185393,0.241,97012,0.514
02-01-2023,5,SD,2613795,93600,971000,1545695,27,40009,62459,135203,0.203,71161,0.469
02-01-2023,5,AZ,19355070,619700,7181220,11535750,817,406795,570272,978886,0.174,486613,0.372
02-01-2023,5,GA,27973415,865500,10553700,16518115,472,395312,515140,974385,0.12,438302,0.289
02-01-2023,5,NY,59743905,1959700,20725480,37028825,2011,1117907,1563588,3041713,0.1969999999999999,1313823,0.3989999999999999
02-01-2023,5,FM,281820,12800,128440,140580,3,5935,7813,9618,0.144,941,0.196
02-01-2023,5,UT,8205670,257300,2613360,5327910,357,122448,278097,394288,0.173,156469,0.428
02-01-2023,5,US,956124455,31479000,347283020,576279635,22904,19520098,27422671,49078211,0.19,22171705,0.405
02-01-2023,5,WV,5369305,171800,2160220,3029085,79,90121,109294,192687,0.135,109595,0.299
02-01-2023,5,VA,26078095,803000,9083000,16164595,915,600076,877353,1574983,0.236,662613,0.488
02-01-2023,5,PR,8740350,216600,3072120,5449930,251,176195,232669,274842,0.105,140913,0.207
02-01-2023,5,HI,4515990,124900,1722320,2665070,122,141045,156771,275356,0.247,130508,0.486
02-01-2023,5,MN,17848040,510900,6048520,11272120,335,462684,870032,1303101,0.3,571945,0.621
02-01-2023,5,NJ,28746925,1011800,10154640,17546285,925,534247,708315,1330790,0.192,564999,0.3829999999999999
02-01-2023,5,AK,2100055,86200,786720,1222135,63,40110,51417,88370,0.16,36839,0.402
02-01-2023,5,ME,4803830,158600,1807020,2832510,117,139246,203880,366725,0.335,189182,0.6629999999999999
02-01-2023,5,BP2,412830,16200,181020,215610,3,2627,5858,9006,0.0,642,0.0
02-01-2023,5,KS,8107045,262000,3019140,4805705,253,149073,230187,407591,0.184,201910,0.425
02-01-2023,5,TX,78580705,2663600,27850340,47972665,106,1182647,1443693,2748383,0.127,1166728,0.312
02-01-2023,5,WA,24630715,776900,8736300,15086115,775,639164,1031362,1690434,0.284,668423,0.5529999999999999
02-01-2023,5,ID,4621280,160100,1770980,2674700,100,86507,123066,220198,0.1639999999999999,115718,0.3979999999999999
02-01-2023,5,MA,22976680,632300,8720980,13611600,284,653874,777554,1843275,0.3329999999999999,724920,0.62
02-01-2023,5,SC,13784615,465300,5606740,7669175,261,222683,276658,539355,0.134,307664,0.3279999999999999
02-01-2023,5,FL,59929875,2466100,21915820,35494855,2363,1073960,1264505,2208362,0.128,1283765,0.285
02-01-2023,5,DC,2666975,72800,919880,1671495,92,57744,81888,195250,0.3379999999999999,46296,0.53
02-01-2023,5,DD2,7680750,210800,2461640,4974010,111,50676,119402,157972,0.0,29959,0.0
02-01-2023,5,OR,13718355,466500,4894160,8337495,348,310718,531757,806836,0.241,348830,0.455
02-01-2023,5,VA2,9728380,626900,4800780,4290300,58,283537,262417,779685,0.0,510674,0.0
02-01-2023,5,MS,7071965,234400,2776360,4054505,155,99163,108255,175111,0.077,100580,0.207
01-25-2023,4,TX,78407075,2663500,27811740,47838235,104,1176336,1433654,2712984,0.126,1155350,0.309
01-25-2023,4,HI,4505640,124900,1719420,2657720,122,140394,155901,272271,0.244,129462,0.482
01-25-2023,4,FL,59811745,2465500,21878700,35414945,2362,1073583,1264099,2206179,0.128,1282803,0.285
01-25-2023,4,NM,5999525,190500,2321400,3480825,273,158403,204214,404968,0.25,187812,0.497
01-25-2023,4,VA,26016635,802900,9065200,16121235,913,597282,872286,1560139,0.2339999999999999,657565,0.484
01-25-2023,4,MH,158740,12800,78200,66640,0,2494,660,1511,0.032,129,0.035
01-25-2023,4,IA,9050525,292700,3392320,5348605,106,216772,341903,556358,0.2289999999999999,290950,0.526
01-25-2023,4,MN,17797890,510800,6037020,11233570,335,460615,864370,1290028,0.297,567744,0.617
01-25-2023,4,DC,2661495,72800,918580,1667315,91,57402,81391,193304,0.335,45847,0.525
01-25-2023,4,MS,7056445,234300,2773060,4042485,155,98603,107589,172516,0.076,99257,0.204
01-25-2023,4,NE,5308080,152200,1795180,3354900,128,104285,206897,293193,0.201,140799,0.451
01-25-2023,4,OH,30661535,1011200,11014540,18611895,1111,694819,1073882,1662803,0.183,836097,0.409
01-25-2023,4,WV,5341345,171700,2143220,3018325,79,89745,108870,191011,0.133,108732,0.296
01-25-2023,4,TN,16736320,530700,6213040,9977180,782,292343,401898,628782,0.118,328220,0.287
01-25-2023,4,DE,3220015,102100,1202800,1911215,92,65364,92290,184000,0.239,96393,0.51
01-25-2023,4,WI,15955725,456700,5852100,9627825,255,460392,720414,1150760,0.253,561138,0.552
01-25-2023,4,PW,51400,3800,31800,15800,0,1639,573,1520,0.092,219,0.11
01-25-2023,4,MI,28617920,965300,11100120,16526900,511,680177,913281,1577960,0.201,778142,0.441
01-25-2023,4,UT,8183280,257100,2609660,5309420,357,121683,275954,389428,0.171,154967,0.424
01-25-2023,4,PA,41248995,1565700,15354420,24273275,501,720543,1017066,2106985,0.207,1032593,0.431
01-25-2023,4,LA,10072670,330000,4073380,5660890,176,153237,204590,309424,0.087,165517,0.223
01-25-2023,4,IN,18257660,631000,6193000,11425360,482,258566,438727,635180,0.123,330545,0.304
01-25-2023,4,AK,2095915,86200,785820,1218895,63,39858,51079,87346,0.158,36484,0.3979999999999999
01-25-2023,4,GA,27904855,863800,10530700,16474255,472,392989,511752,962347,0.119,433464,0.286
01-25-2023,4,WA,24567575,776600,8717600,15042375,773,636170,1025785,1675580,0.282,663967,0.5489999999999999
01-25-2023,4,MT,2643125,106500,1048900,1481625,132,60300,84290,149411,0.178,80028,0.3879999999999999
01-25-2023,4,BP2,412630,16200,180820,215610,3,2627,5594,8429,0.0,607,0.0
01-25-2023,4,ID,4612520,160100,1768280,2668740,99,86082,122507,218269,0.163,114905,0.395
01-25-2023,4,VA2,9710060,626900,4792280,4280580,58,280773,260021,765472,0.0,502269,0.0
01-25-2023,4,ME,4797150,158500,1806340,2826610,117,138626,202398,362753,0.331,187565,0.6579999999999999
01-25-2023,4,SC,13739355,465100,5595740,7635315,261,221369,275071,533187,0.132,304699,0.325
01-25-2023,4,NV,7518040,260300,2527300,4724740,57,125794,188649,350413,0.147,170245,0.3429999999999999
01-25-2023,4,US,953826425,31468300,346671620,574615505,22839,19426517,27259966,48571899,0.188,21987172,0.401
01-25-2023,4,MA,22917850,631700,8705980,13568470,284,650821,772680,1826049,0.33,720207,0.616
01-25-2023,4,MD,21630950,616200,7253360,13731890,847,515466,752440,1264898,0.268,504171,0.526
01-25-2023,4,NH,4946690,188800,1585340,3168150,84,70517,152745,281246,0.255,136650,0.5379999999999999
01-25-2023,4,NY,59601225,1959200,20689480,36922845,2006,1111589,1553903,3010330,0.195,1302050,0.395
01-25-2023,4,OR,13675105,466500,4880260,8308345,346,309274,527852,797222,0.238,345576,0.451
01-25-2023,4,DD2,7671550,210800,2458940,4967810,110,50150,118224,154729,0.0,29447,0.0
01-25-2023,4,ND,1847480,53600,650120,1141460,7,27267,59240,103695,0.178,53927,0.45
